gender,married,dependents,education,self_employed,applicant_income,coapplicant_income,loan_amount,loan_amount_term,credit_history,property_area,loan_status,total_income,loan_income_ratio,dependents_numeric,family_size,family_size_group,income_band,has_coapplicant_income,coapplicant_income_share,term_years,estimated_monthly_principal,payment_income_ratio,credit_risk_category,log_total_income,log_loan_amount
Male,No,0,Graduate,No,5849,0.0,128.0,360.0,1.0,Urban,Y,5849.0,0.0218840827491878,0,1,Small,Middle,0,0.0,30.0,355.55555555555554,0.060789118747744154,Positive Credit History,8.674196940225903,4.859812404361672
Male,Yes,1,Graduate,No,4583,1508.0,128.0,360.0,1.0,Rural,N,6091.0,0.0210146117222131,1,3,Medium,Middle,1,0.2475783943523231,30.0,355.55555555555554,0.05837392145059195,Positive Credit History,8.714731714015052,4.859812404361672
Male,Yes,0,Graduate,Yes,3000,0.0,66.0,360.0,1.0,Urban,Y,3000.0,0.022,0,2,Small,Low,0,0.0,30.0,183.33333333333334,0.061111111111111116,Positive Credit History,8.006700845440367,4.204692619390966
Male,Yes,0,Not Graduate,No,2583,2358.0,120.0,360.0,1.0,Urban,Y,4941.0,0.0242865816636308,0,2,Small,Middle,1,0.4772313296903461,30.0,333.3333333333333,0.067462726843419,Positive Credit History,8.505525386548555,4.795790545596741
Male,No,0,Graduate,No,6000,0.0,141.0,360.0,1.0,Urban,Y,6000.0,0.0235,0,1,Small,Middle,0,0.0,30.0,391.6666666666667,0.06527777777777778,Positive Credit History,8.699681400989514,4.955827057601261
Male,Yes,2,Graduate,Yes,5417,4196.0,267.0,360.0,1.0,Urban,Y,9613.0,0.0277748881722667,2,4,Medium,High,1,0.43649225007801934,30.0,741.6666666666666,0.07715246714518534,Positive Credit History,9.170975648453906,5.5909869805108565
Male,Yes,0,Not Graduate,No,2333,1516.0,95.0,360.0,1.0,Urban,Y,3849.0,0.0246817355157183,0,2,Small,Low,1,0.393868537282411,30.0,263.8888888888889,0.06856037643255103,Positive Credit History,8.25582842728183,4.564348191467836
Male,Yes,3+,Graduate,No,3036,2504.0,158.0,360.0,0.0,Semiurban,N,5540.0,0.0285198555956678,3,5,Large,Middle,1,0.451985559566787,30.0,438.8888888888889,0.07922182109907742,Higher Credit Risk,8.61993026886735,5.0689042022202315
Male,Yes,2,Graduate,No,4006,1526.0,168.0,360.0,1.0,Urban,Y,5532.0,0.0303687635574837,2,4,Medium,Middle,1,0.27584960231381056,30.0,466.6666666666667,0.08435767654856592,Positive Credit History,8.618485442898109,5.1298987149230735
Male,Yes,1,Graduate,No,12841,10968.0,349.0,360.0,1.0,Semiurban,N,23809.0,0.0146583224830946,1,3,Medium,Very High,1,0.4606661346549624,30.0,969.4444444444445,0.04071756245304063,Positive Credit History,10.077860939480908,5.857933154483459
Male,Yes,2,Graduate,No,3200,700.0,70.0,360.0,1.0,Urban,Y,3900.0,0.0179487179487179,2,4,Medium,Low,1,0.1794871794871795,30.0,194.44444444444446,0.04985754985754986,Positive Credit History,8.268988209506656,4.2626798770413155
Male,Yes,2,Graduate,No,2500,1840.0,109.0,360.0,1.0,Urban,Y,4340.0,0.0251152073732718,2,4,Medium,Middle,1,0.423963133640553,30.0,302.77777777777777,0.06976446492575525,Positive Credit History,8.375860015299594,4.700480365792417
Male,Yes,2,Graduate,No,3073,8106.0,200.0,360.0,1.0,Urban,Y,11179.0,0.0178906878969496,2,4,Medium,High,1,0.7251095804633688,30.0,555.5555555555555,0.04969635526930455,Positive Credit History,9.32188174670909,5.303304908059076
Male,No,0,Graduate,No,1853,2840.0,114.0,360.0,1.0,Rural,N,4693.0,0.0242914979757085,0,1,Small,Middle,1,0.6051566162369486,30.0,316.6666666666667,0.06747638326585695,Positive Credit History,8.454040376410969,4.74493212836325
Male,Yes,2,Graduate,No,1299,1086.0,17.0,120.0,1.0,Urban,Y,2385.0,0.0071278825995807,2,4,Medium,Low,1,0.45534591194968554,10.0,141.66666666666666,0.0593990216631726,Positive Credit History,7.777373602657861,2.8903717578961645
Male,No,0,Graduate,No,4950,0.0,125.0,360.0,1.0,Urban,Y,4950.0,0.0252525252525252,0,1,Small,Middle,0,0.0,30.0,347.22222222222223,0.07014590347923681,Positive Credit History,8.507344855361422,4.836281906951478
Male,No,1,Not Graduate,No,3596,0.0,100.0,240.0,1.0,Urban,Y,3596.0,0.0278086763070077,1,2,Small,Low,0,0.0,20.0,416.6666666666667,0.11586948461253245,Positive Credit History,8.187855443695623,4.61512051684126
Female,No,0,Graduate,No,3510,0.0,76.0,360.0,0.0,Urban,N,3510.0,0.0216524216524216,0,1,Small,Low,0,0.0,30.0,211.11111111111111,0.06014561570117126,Higher Credit Risk,8.163656176168432,4.343805421853684
Male,Yes,0,Not Graduate,No,4887,0.0,133.0,360.0,1.0,Rural,N,4887.0,0.0272150603642316,0,2,Small,Middle,0,0.0,30.0,369.44444444444446,0.07559738990064344,Positive Credit History,8.494538500851432,4.897839799950911
Male,Yes,0,Graduate,No,2600,3500.0,115.0,360.0,1.0,Urban,Y,6100.0,0.0188524590163934,0,2,Small,Middle,1,0.5737704918032787,30.0,319.44444444444446,0.05236794171220401,Positive Credit History,8.716207971151853,4.7535901911063645
Male,Yes,0,Not Graduate,No,7660,0.0,104.0,360.0,0.0,Urban,N,7660.0,0.0135770234986945,0,2,Small,High,0,0.0,30.0,288.8888888888889,0.037713954163040325,Higher Credit Risk,8.94389780251682,4.653960350157523
Male,Yes,1,Graduate,No,5955,5625.0,315.0,360.0,1.0,Urban,Y,11580.0,0.0272020725388601,1,3,Medium,High,1,0.48575129533678757,30.0,875.0,0.07556131260794473,Positive Credit History,9.357121103184378,5.755742213586912
Male,Yes,0,Not Graduate,No,2600,1911.0,116.0,360.0,0.0,Semiurban,N,4511.0,0.025714919086677,0,2,Small,Middle,1,0.42363112391930835,30.0,322.22222222222223,0.07143033079632503,Higher Credit Risk,8.414495793177895,4.762173934797756
Male,Yes,2,Not Graduate,No,3365,1917.0,112.0,360.0,0.0,Rural,N,5282.0,0.0212040893600908,2,4,Medium,Middle,1,0.36293070806512684,30.0,311.1111111111111,0.058900248222474645,Higher Credit Risk,8.572249397164315,4.727387818712341
Male,Yes,1,Graduate,No,3717,2925.0,151.0,360.0,1.0,Semiurban,N,6642.0,0.0227341162300511,1,3,Medium,Middle,1,0.44037940379403795,30.0,419.44444444444446,0.0631503228612533,Positive Credit History,8.80131894766524,5.0238805208462765
Male,Yes,0,Graduate,Yes,9560,0.0,191.0,360.0,1.0,Semiurban,Y,9560.0,0.0199790794979079,0,2,Small,High,0,0.0,30.0,530.5555555555555,0.055497443049744306,Positive Credit History,9.165447603085447,5.2574953720277815
Male,Yes,0,Graduate,No,2799,2253.0,122.0,360.0,1.0,Semiurban,Y,5052.0,0.0241488519398258,0,2,Small,Middle,1,0.44596199524940616,30.0,338.8888888888889,0.06708014427729393,Positive Credit History,8.527737405291909,4.812184355372417
Male,Yes,2,Not Graduate,No,4226,1040.0,110.0,360.0,1.0,Urban,Y,5266.0,0.0208887200911507,2,4,Medium,Middle,1,0.1974933535890619,30.0,305.55555555555554,0.05802422247541883,Positive Credit History,8.569216219483389,4.709530201312334
Male,No,0,Not Graduate,No,1442,0.0,35.0,360.0,1.0,Urban,N,1442.0,0.0242718446601941,0,1,Small,Low,0,0.0,30.0,97.22222222222223,0.0674217907227616,Positive Credit History,7.274479558773871,3.58351893845611
Female,No,2,Graduate,No,3750,2083.0,120.0,360.0,1.0,Semiurban,Y,5833.0,0.0205726041488085,2,3,Medium,Middle,1,0.35710612034973427,30.0,333.3333333333333,0.05714612263557917,Positive Credit History,8.671458150427666,4.795790545596741
Male,Yes,1,Graduate,No,4166,3369.0,201.0,360.0,1.0,Urban,N,7535.0,0.0266755142667551,1,3,Medium,High,1,0.4471134704711347,30.0,558.3333333333334,0.07409865074098651,Positive Credit History,8.927446816256198,5.308267697401205
Male,No,0,Graduate,No,3167,0.0,74.0,360.0,1.0,Urban,N,3167.0,0.0233659614777391,0,1,Small,Low,0,0.0,30.0,205.55555555555554,0.0649054485492755,Positive Credit History,8.060855752934316,4.31748811353631
Male,No,1,Graduate,Yes,4692,0.0,106.0,360.0,1.0,Rural,N,4692.0,0.0225916453537936,1,2,Small,Middle,0,0.0,30.0,294.44444444444446,0.0627545704272047,Positive Credit History,8.453827315794417,4.672828834461906
Male,Yes,0,Graduate,No,3500,1667.0,114.0,360.0,1.0,Semiurban,Y,5167.0,0.0220630927036965,0,2,Small,Middle,1,0.32262434681633445,30.0,316.6666666666667,0.06128636862137927,Positive Credit History,8.550241045462437,4.74493212836325
Male,No,3+,Graduate,No,12500,3000.0,320.0,360.0,1.0,Rural,N,15500.0,0.0206451612903225,3,4,Medium,Very High,1,0.1935483870967742,30.0,888.8888888888889,0.05734767025089606,Positive Credit History,9.648659816955295,5.771441123130016
Male,Yes,0,Graduate,No,2275,2067.0,128.0,360.0,1.0,Urban,Y,4342.0,0.0294795025333947,0,2,Small,Middle,1,0.47604790419161674,30.0,355.55555555555554,0.08188750703720764,Positive Credit History,8.376320632534823,4.859812404361672
Male,Yes,0,Graduate,No,1828,1330.0,100.0,360.0,0.0,Urban,N,3158.0,0.0316656111462951,0,2,Small,Low,1,0.42115262824572514,30.0,277.77777777777777,0.08796003096193089,Higher Credit Risk,8.058010800802085,4.61512051684126
Female,Yes,0,Graduate,No,3667,1459.0,144.0,360.0,1.0,Semiurban,Y,5126.0,0.0280920795942255,0,2,Small,Middle,1,0.2846273897776044,30.0,400.0,0.07803355442840422,Positive Credit History,8.5422759717837,4.976733742420574
Male,No,0,Graduate,No,4166,7210.0,184.0,360.0,1.0,Urban,Y,11376.0,0.0161744022503516,0,1,Small,High,1,0.6337904360056259,30.0,511.1111111111111,0.0449288951398656,Positive Credit History,9.339349052539717,5.220355825078324
Male,No,0,Not Graduate,No,3748,1668.0,110.0,360.0,1.0,Semiurban,Y,5416.0,0.0203101920236336,0,1,Small,Middle,1,0.30797636632200887,30.0,305.55555555555554,0.056417200065649105,Positive Credit History,8.597297435657898,4.709530201312334
Male,No,0,Graduate,No,3600,0.0,80.0,360.0,1.0,Urban,N,3600.0,0.0222222222222222,0,1,Small,Low,0,0.0,30.0,222.22222222222223,0.0617283950617284,Positive Credit History,8.188966863648876,4.394449154672439
Male,No,0,Graduate,No,1800,1213.0,47.0,360.0,1.0,Urban,Y,3013.0,0.0155990706936608,0,1,Small,Low,1,0.4025887819449054,30.0,130.55555555555554,0.04333075192683556,Positive Credit History,8.01102337918644,3.871201010907891
Male,Yes,0,Graduate,No,2400,0.0,75.0,360.0,1.0,Urban,Y,2400.0,0.03125,0,2,Small,Low,0,0.0,30.0,208.33333333333334,0.08680555555555557,Positive Credit History,7.783640596221253,4.330733340286331
Male,Yes,0,Graduate,No,3941,2336.0,134.0,360.0,1.0,Semiurban,Y,6277.0,0.0213477776007646,0,2,Small,Middle,1,0.3721523020551219,30.0,372.22222222222223,0.05929938222434638,Positive Credit History,8.744806737401898,4.90527477843843
Male,Yes,0,Not Graduate,Yes,4695,0.0,96.0,360.0,1.0,Urban,Y,4695.0,0.0204472843450479,0,2,Small,Middle,0,0.0,30.0,266.6666666666667,0.05679801206957757,Positive Credit History,8.454466361507933,4.574710978503383
Female,No,0,Graduate,No,3410,0.0,88.0,360.0,1.0,Urban,Y,3410.0,0.0258064516129032,0,1,Small,Low,0,0.0,30.0,244.44444444444446,0.07168458781362008,Positive Credit History,8.134760782418645,4.48863636973214
Male,Yes,1,Graduate,No,5649,0.0,44.0,360.0,1.0,Urban,Y,5649.0,0.0077889892016286,1,3,Medium,Middle,0,0.0,30.0,122.22222222222223,0.02163608111563502,Positive Credit History,8.639410824140487,3.8066624897703196
Male,Yes,0,Graduate,No,5821,0.0,144.0,360.0,1.0,Urban,Y,5821.0,0.0247380175227624,0,2,Small,Middle,0,0.0,30.0,400.0,0.0687167153410067,Positive Credit History,8.669399124305569,4.976733742420574
Female,Yes,0,Graduate,No,2645,3440.0,120.0,360.0,0.0,Urban,N,6085.0,0.019720624486442,0,2,Small,Middle,1,0.5653245686113394,30.0,333.3333333333333,0.05477951246233908,Higher Credit Risk,8.713746330456916,4.795790545596741
Female,No,0,Graduate,No,4000,2275.0,144.0,360.0,1.0,Semiurban,Y,6275.0,0.0229482071713147,0,1,Small,Middle,1,0.36254980079681276,30.0,400.0,0.06374501992031872,Positive Credit History,8.744488113852924,4.976733742420574
Female,Yes,0,Not Graduate,No,1928,1644.0,100.0,360.0,1.0,Semiurban,Y,3572.0,0.0279955207166853,0,2,Small,Low,1,0.46024636058230683,30.0,277.77777777777777,0.07776533532412591,Positive Credit History,8.181160858023409,4.61512051684126
Female,No,0,Graduate,No,3086,0.0,120.0,360.0,1.0,Semiurban,Y,3086.0,0.0388852883992222,0,1,Small,Low,0,0.0,30.0,333.3333333333333,0.1080146899978397,Positive Credit History,8.034955024502159,4.795790545596741
Female,No,0,Graduate,No,4230,0.0,112.0,360.0,1.0,Semiurban,N,4230.0,0.0264775413711583,0,1,Small,Middle,0,0.0,30.0,311.1111111111111,0.07354872603099553,Positive Credit History,8.350193650720067,4.727387818712341
Male,Yes,2,Graduate,No,4616,0.0,134.0,360.0,1.0,Urban,N,4616.0,0.0290294627383015,2,4,Medium,Middle,0,0.0,30.0,372.22222222222223,0.08063739649528211,Positive Credit History,8.43750042250699,4.90527477843843
Female,Yes,1,Graduate,Yes,11500,0.0,286.0,360.0,0.0,Urban,N,11500.0,0.0248695652173913,1,3,Medium,High,0,0.0,30.0,794.4444444444445,0.06908212560386473,Higher Credit Risk,9.350189267092581,5.659482215759621
Male,Yes,2,Graduate,No,2708,1167.0,97.0,360.0,1.0,Semiurban,Y,3875.0,0.0250322580645161,2,4,Medium,Low,1,0.30116129032258065,30.0,269.44444444444446,0.06953405017921148,Positive Credit History,8.262558973010657,4.584967478670572
Male,Yes,0,Graduate,No,2132,1591.0,96.0,360.0,1.0,Semiurban,Y,3723.0,0.0257856567284448,0,2,Small,Low,1,0.42734354015578835,30.0,266.6666666666667,0.07162682424568001,Positive Credit History,8.222553638396958,4.574710978503383
Male,Yes,0,Graduate,No,3366,2200.0,135.0,360.0,1.0,Rural,N,5566.0,0.0242544017247574,0,2,Small,Middle,1,0.3952569169960474,30.0,375.0,0.06737333812432626,Positive Credit History,8.624611588183507,4.912654885736052
Male,Yes,1,Graduate,No,8080,2250.0,180.0,360.0,1.0,Urban,Y,10330.0,0.0174249757986447,1,3,Medium,High,1,0.21781219748305905,30.0,500.0,0.0484027105517909,Positive Credit History,9.242904362849446,5.198497031265826
Male,Yes,2,Not Graduate,No,3357,2859.0,144.0,360.0,1.0,Urban,Y,6216.0,0.0231660231660231,2,4,Medium,Middle,1,0.45994208494208494,30.0,400.0,0.06435006435006435,Positive Credit History,8.735042754269337,4.976733742420574
Male,Yes,0,Graduate,No,2500,3796.0,120.0,360.0,1.0,Urban,Y,6296.0,0.0190597204574332,0,2,Small,Middle,1,0.6029224904701398,30.0,333.3333333333333,0.05294366793731469,Positive Credit History,8.747828608488742,4.795790545596741
Male,Yes,3+,Graduate,No,3029,0.0,99.0,360.0,1.0,Urban,Y,3029.0,0.0326840541432816,3,5,Large,Low,0,0.0,30.0,275.0,0.09078903928689336,Positive Credit History,8.016317898503415,4.605170185988092
Male,Yes,0,Not Graduate,Yes,2609,3449.0,165.0,180.0,0.0,Rural,N,6058.0,0.027236711786068,0,2,Small,Middle,1,0.5693298118190822,15.0,916.6666666666666,0.1513150654781556,Higher Credit Risk,8.70930004894499,5.111987788356544
Male,Yes,1,Graduate,No,4945,0.0,128.0,360.0,0.0,Rural,N,4945.0,0.0258847320525783,1,3,Medium,Middle,0,0.0,30.0,355.55555555555554,0.07190203347938434,Higher Credit Risk,8.506334448081361,4.859812404361672
Female,No,0,Graduate,No,4166,0.0,116.0,360.0,0.0,Semiurban,N,4166.0,0.027844455112818,0,1,Small,Middle,0,0.0,30.0,322.22222222222223,0.0773457086467168,Higher Credit Risk,8.334951631422454,4.762173934797756
Male,Yes,0,Graduate,No,5726,4595.0,258.0,360.0,1.0,Semiurban,N,10321.0,0.0249975777540935,0,2,Small,High,1,0.44520879759713206,30.0,716.6666666666666,0.06943771598359331,Positive Credit History,9.242032818708672,5.556828061699537
Male,No,0,Not Graduate,No,3200,2254.0,126.0,180.0,0.0,Urban,N,5454.0,0.0231023102310231,0,1,Small,Middle,1,0.4132746607994133,15.0,700.0,0.12834616795012835,Higher Credit Risk,8.604287898267172,4.844187086458591
Male,Yes,1,Graduate,No,10750,0.0,312.0,360.0,1.0,Urban,Y,10750.0,0.0290232558139534,1,3,Medium,High,0,0.0,30.0,866.6666666666666,0.08062015503875969,Positive Credit History,9.282754052485227,5.746203190540153
Male,Yes,3+,Not Graduate,Yes,7100,0.0,125.0,60.0,1.0,Urban,Y,7100.0,0.0176056338028169,3,5,Large,High,0,0.0,5.0,2083.3333333333335,0.2934272300469484,Positive Credit History,8.867990898182093,4.836281906951478
Female,No,0,Graduate,No,4300,0.0,136.0,360.0,0.0,Semiurban,N,4300.0,0.0316279069767441,0,1,Small,Middle,0,0.0,30.0,377.77777777777777,0.08785529715762273,Higher Credit Risk,8.366602832783736,4.919980925828125
Male,Yes,0,Graduate,No,3208,3066.0,172.0,360.0,1.0,Urban,Y,6274.0,0.027414727446605,0,2,Small,Middle,1,0.48868345553076187,30.0,477.77777777777777,0.07615202068501399,Positive Credit History,8.744328763999984,5.153291594497779
Male,Yes,2,Not Graduate,Yes,1875,1875.0,97.0,360.0,1.0,Semiurban,Y,3750.0,0.0258666666666666,2,4,Medium,Low,1,0.5,30.0,269.44444444444446,0.07185185185185186,Positive Credit History,8.229777750081887,4.584967478670572
Male,No,0,Graduate,No,3500,0.0,81.0,300.0,1.0,Semiurban,Y,3500.0,0.0231428571428571,0,1,Small,Low,0,0.0,25.0,270.0,0.07714285714285714,Positive Credit History,8.160803920954665,4.406719247264253
Male,Yes,3+,Not Graduate,No,4755,0.0,95.0,360.0,0.0,Semiurban,N,4755.0,0.0199789695057833,3,5,Large,Middle,0,0.0,30.0,263.8888888888889,0.055497137516064964,Higher Credit Risk,8.467162257810672,4.564348191467836
Male,Yes,3+,Graduate,Yes,5266,1774.0,187.0,360.0,1.0,Semiurban,Y,7040.0,0.0265625,3,5,Large,High,1,0.2519886363636364,30.0,519.4444444444445,0.07378472222222222,Positive Credit History,8.859505484519133,5.236441962829949
Male,No,0,Graduate,No,3750,0.0,113.0,480.0,1.0,Urban,N,3750.0,0.0301333333333333,0,1,Small,Low,0,0.0,40.0,235.41666666666666,0.06277777777777778,Positive Credit History,8.229777750081887,4.736198448394496
Male,No,0,Graduate,No,3750,4750.0,176.0,360.0,1.0,Urban,N,8500.0,0.0207058823529411,0,1,Small,High,1,0.5588235294117647,30.0,488.8888888888889,0.05751633986928105,Positive Credit History,9.04793908261736,5.176149732573829
Male,Yes,1,Graduate,Yes,1000,3022.0,110.0,360.0,1.0,Urban,N,4022.0,0.027349577324714,1,3,Medium,Middle,1,0.7513674788662357,30.0,305.55555555555554,0.07597104812420576,Positive Credit History,8.299783171949787,4.709530201312334
Male,Yes,3+,Graduate,No,3167,4000.0,180.0,300.0,0.0,Semiurban,N,7167.0,0.0251151109250732,3,5,Large,High,1,0.5581135761127389,25.0,600.0,0.08371703641691085,Higher Credit Risk,8.877381954654766,5.198497031265826
Male,Yes,3+,Not Graduate,Yes,3333,2166.0,130.0,360.0,1.0,Semiurban,Y,5499.0,0.0236406619385342,3,5,Large,Middle,1,0.3938897981451173,30.0,361.1111111111111,0.06566850538481744,Positive Credit History,8.612503371220562,4.875197323201151
Female,No,0,Graduate,No,3846,0.0,111.0,360.0,1.0,Semiurban,Y,3846.0,0.0288611544461778,0,1,Small,Low,0,0.0,30.0,308.3333333333333,0.08016987346160513,Positive Credit History,8.255048902752295,4.718498871295094
Male,Yes,1,Graduate,Yes,2395,0.0,128.0,360.0,1.0,Semiurban,Y,2395.0,0.0534446764091858,1,3,Medium,Low,0,0.0,30.0,355.55555555555554,0.14845743446996057,Positive Credit History,7.78155595923534,4.859812404361672
Female,Yes,2,Graduate,No,1378,1881.0,167.0,360.0,1.0,Urban,N,3259.0,0.0512427124884934,2,4,Medium,Low,1,0.5771709113224915,30.0,463.8888888888889,0.1423408680235928,Positive Credit History,8.089482474360754,5.123963979403259
Male,Yes,0,Graduate,No,6000,2250.0,265.0,360.0,1.0,Semiurban,N,8250.0,0.0321212121212121,0,2,Small,High,1,0.2727272727272727,30.0,736.1111111111111,0.08922558922558922,Positive Credit History,9.018089684104343,5.583496308781699
Male,Yes,1,Graduate,No,3988,0.0,50.0,240.0,1.0,Urban,Y,3988.0,0.0125376128385155,1,3,Medium,Low,0,0.0,20.0,208.33333333333334,0.05224005349381478,Positive Credit History,8.291295851905407,3.9318256327243257
Male,No,0,Graduate,No,2366,2531.0,136.0,360.0,1.0,Semiurban,Y,4897.0,0.027772105370635,0,1,Small,Middle,1,0.5168470492138044,30.0,377.77777777777777,0.07714473714065301,Positive Credit History,8.496582237512113,4.919980925828125
Male,Yes,2,Not Graduate,No,3333,2000.0,99.0,360.0,1.0,Semiurban,Y,5333.0,0.0185636602287643,2,4,Medium,Middle,1,0.3750234389649353,30.0,275.0,0.0515657228576786,Positive Credit History,8.58185670474196,4.605170185988092
Male,Yes,0,Graduate,No,2500,2118.0,104.0,360.0,1.0,Semiurban,Y,4618.0,0.0225205716760502,0,2,Small,Middle,1,0.45864010394110005,30.0,288.8888888888889,0.062557143544584,Positive Credit History,8.437933510430605,4.653960350157523
Male,No,0,Graduate,No,8566,0.0,210.0,360.0,1.0,Urban,Y,8566.0,0.0245155265001167,0,1,Small,High,0,0.0,30.0,583.3333333333334,0.0680986847225465,Positive Credit History,9.055672891964043,5.351858133476067
Male,Yes,0,Graduate,No,5695,4167.0,175.0,360.0,1.0,Semiurban,Y,9862.0,0.0177448793348205,0,2,Small,High,1,0.42253092678969784,30.0,486.1111111111111,0.049291331485612565,Positive Credit History,9.196545660953994,5.170483995038151
Male,Yes,0,Graduate,No,2958,2900.0,131.0,360.0,1.0,Semiurban,Y,5858.0,0.0223625810856947,0,2,Small,Middle,1,0.49504950495049505,30.0,363.8888888888889,0.0621182807935966,Positive Credit History,8.675734219544788,4.882801922586371
Male,Yes,2,Graduate,No,6250,5654.0,188.0,180.0,1.0,Semiurban,Y,11904.0,0.0157930107526881,2,4,Medium,High,1,0.4749663978494624,15.0,1044.4444444444443,0.0877389486260454,Positive Credit History,9.384713758920963,5.241747015059643
Male,Yes,2,Not Graduate,No,3273,1820.0,81.0,360.0,1.0,Urban,Y,5093.0,0.0159041822108776,2,4,Medium,Middle,1,0.35735322992342433,30.0,225.0,0.04417828391910465,Positive Credit History,8.535818655539403,4.406719247264253
Male,No,0,Graduate,No,4133,0.0,122.0,360.0,1.0,Semiurban,Y,4133.0,0.0295185095572223,0,1,Small,Middle,0,0.0,30.0,338.8888888888889,0.08199585988117322,Positive Credit History,8.327000740241713,4.812184355372417
Male,No,0,Not Graduate,No,3620,0.0,25.0,120.0,1.0,Semiurban,Y,3620.0,0.0069060773480662,0,1,Small,Low,0,0.0,10.0,208.33333333333334,0.05755064456721916,Positive Credit History,8.19450550976564,3.258096538021482
Male,No,0,Graduate,No,6782,0.0,128.0,360.0,1.0,Urban,N,6782.0,0.0188734886464169,0,1,Small,Middle,0,0.0,30.0,355.55555555555554,0.05242635735115829,Positive Credit History,8.82217476094608,4.859812404361672
Female,Yes,0,Graduate,No,2484,2302.0,137.0,360.0,1.0,Semiurban,Y,4786.0,0.0286251567070622,0,2,Small,Middle,1,0.4809862097785207,30.0,380.55555555555554,0.07951432418628407,Positive Credit History,8.473659189392508,4.927253685157205
Male,Yes,0,Graduate,No,1977,997.0,50.0,360.0,1.0,Semiurban,Y,2974.0,0.0168123739071956,0,2,Small,Low,1,0.3352387357094822,30.0,138.88888888888889,0.04670103863109915,Positive Credit History,7.99799931797973,3.9318256327243257
Male,Yes,0,Not Graduate,No,4188,0.0,115.0,180.0,1.0,Semiurban,Y,4188.0,0.0274594078319006,0,2,Small,Middle,0,0.0,15.0,638.8888888888889,0.1525522657327815,Positive Credit History,8.340217320947035,4.7535901911063645
Male,Yes,0,Graduate,No,1759,3541.0,131.0,360.0,1.0,Semiurban,Y,5300.0,0.0247169811320754,0,2,Small,Middle,1,0.6681132075471699,30.0,363.8888888888889,0.06865828092243187,Positive Credit History,8.575650760987806,4.882801922586371
Male,Yes,2,Not Graduate,No,4288,3263.0,133.0,180.0,1.0,Urban,Y,7551.0,0.0176135611177327,2,4,Medium,High,1,0.4321281949410674,15.0,738.8888888888889,0.09785311732073751,Positive Credit History,8.929567707825337,4.897839799950911
Male,No,0,Graduate,No,4843,3806.0,151.0,360.0,1.0,Semiurban,Y,8649.0,0.0174586657417042,0,1,Small,High,1,0.4400508729332871,30.0,419.44444444444446,0.048496293726956234,Positive Credit History,9.065314599925925,5.0238805208462765
Male,Yes,0,Graduate,No,13650,0.0,128.0,360.0,1.0,Urban,Y,13650.0,0.0093772893772893,0,2,Small,Very High,0,0.0,30.0,355.55555555555554,0.026048026048026047,Positive Credit History,9.521568058002977,4.859812404361672
Male,Yes,0,Graduate,No,4652,3583.0,128.0,360.0,1.0,Semiurban,Y,8235.0,0.0155434122647237,0,2,Small,High,1,0.4350941105039466,30.0,355.55555555555554,0.04317614517978816,Positive Credit History,9.01627006814768,4.859812404361672
Male,Yes,0,Graduate,No,3816,754.0,160.0,360.0,1.0,Urban,Y,4570.0,0.0350109409190372,0,2,Small,Middle,1,0.1649890590809628,30.0,444.44444444444446,0.09725261366399222,Positive Credit History,8.427487278331744,5.081404364984463
Male,Yes,1,Graduate,No,3052,1030.0,100.0,360.0,1.0,Urban,Y,4082.0,0.0244977951984321,1,3,Medium,Middle,1,0.25232729054385106,30.0,277.77777777777777,0.06804943110675594,Positive Credit History,8.314587291319576,4.61512051684126
Male,Yes,2,Graduate,No,11417,1126.0,225.0,360.0,1.0,Urban,Y,12543.0,0.0179382922745754,2,4,Medium,Very High,1,0.08977118711631986,30.0,625.0,0.049828589651598504,Positive Credit History,9.436997742590188,5.420534999272286
Male,No,0,Not Graduate,No,7333,0.0,120.0,360.0,1.0,Rural,N,7333.0,0.0163643801990999,0,1,Small,High,0,0.0,30.0,333.3333333333333,0.04545661166416655,Positive Credit History,8.900276348631271,4.795790545596741
Male,Yes,2,Graduate,No,3800,3600.0,216.0,360.0,0.0,Urban,N,7400.0,0.0291891891891891,2,4,Medium,High,1,0.4864864864864865,30.0,600.0,0.08108108108108109,Higher Credit Risk,8.909370405197466,5.37989735354046
Male,Yes,3+,Not Graduate,No,2071,754.0,94.0,480.0,1.0,Semiurban,Y,2825.0,0.0332743362831858,3,5,Large,Low,1,0.2669026548672566,40.0,195.83333333333334,0.06932153392330384,Positive Credit History,7.946617563244473,4.553876891600541
Male,No,0,Graduate,No,5316,0.0,136.0,360.0,1.0,Urban,Y,5316.0,0.0255831452219714,0,1,Small,Middle,0,0.0,30.0,377.77777777777777,0.07106429228325391,Positive Credit History,8.57866451350434,4.919980925828125
Female,Yes,0,Graduate,No,2929,2333.0,139.0,360.0,1.0,Semiurban,Y,5262.0,0.0264158114785252,0,2,Small,Middle,1,0.443367540858989,30.0,386.1111111111111,0.07337725410701465,Positive Credit History,8.56845648535378,4.941642422609304
Male,Yes,0,Not Graduate,No,3572,4114.0,152.0,360.0,0.0,Rural,N,7686.0,0.0197762164975279,0,2,Small,High,1,0.5352589123080926,30.0,422.22222222222223,0.05493393471535548,Higher Credit Risk,8.947285869349132,5.030437921392435
Female,No,1,Graduate,Yes,7451,0.0,128.0,360.0,1.0,Semiurban,Y,7451.0,0.0171789021607837,1,2,Small,High,0,0.0,30.0,355.55555555555554,0.04771917266884385,Positive Credit History,8.916237731721479,4.859812404361672
Male,No,0,Graduate,No,5050,0.0,118.0,360.0,1.0,Semiurban,Y,5050.0,0.0233663366336633,0,1,Small,Middle,0,0.0,30.0,327.77777777777777,0.06490649064906491,Positive Credit History,8.527341522468053,4.77912349311153
Male,Yes,1,Graduate,No,14583,0.0,185.0,180.0,1.0,Rural,Y,14583.0,0.0126860042515257,1,3,Medium,Very High,0,0.0,15.0,1027.7777777777778,0.07047780139736527,Positive Credit History,9.5876803163585,5.225746673713202
Female,Yes,0,Graduate,No,3167,2283.0,154.0,360.0,1.0,Semiurban,Y,5450.0,0.0282568807339449,0,2,Small,Middle,1,0.4188990825688073,30.0,427.77777777777777,0.07849133537206932,Positive Credit History,8.603554357064281,5.043425116919247
Male,Yes,1,Graduate,No,2214,1398.0,85.0,360.0,1.0,Urban,Y,3612.0,0.023532668881506,1,3,Medium,Low,1,0.38704318936877075,30.0,236.11111111111111,0.06536852467085025,Positive Credit History,8.19229373114764,4.454347296253507
Male,Yes,0,Graduate,No,5568,2142.0,175.0,360.0,1.0,Rural,N,7710.0,0.0226977950713359,0,2,Small,High,1,0.27782101167315176,30.0,486.1111111111111,0.0630494307537109,Positive Credit History,8.95040315983296,5.170483995038151
Female,No,0,Graduate,No,10408,0.0,259.0,360.0,1.0,Urban,Y,10408.0,0.0248847040737893,0,1,Small,High,0,0.0,30.0,719.4444444444445,0.06912417798274831,Positive Credit History,9.250426095515468,5.560681631015528
Male,Yes,0,Graduate,No,5667,2667.0,180.0,360.0,1.0,Rural,Y,8334.0,0.0215982721382289,0,2,Small,High,1,0.32001439884809213,30.0,500.0,0.059995200383969285,Positive Credit History,9.028218795184895,5.198497031265826
Female,No,0,Graduate,No,4166,0.0,44.0,360.0,1.0,Semiurban,Y,4166.0,0.0105616898703792,0,1,Small,Middle,0,0.0,30.0,122.22222222222223,0.02933802741772017,Positive Credit History,8.334951631422454,3.8066624897703196
Female,No,0,Graduate,No,2137,8980.0,137.0,360.0,0.0,Semiurban,Y,11117.0,0.0123234685616623,0,1,Small,High,1,0.8077718809031214,30.0,380.55555555555554,0.03423185711572866,Higher Credit Risk,9.316320695513415,4.927253685157205
Male,Yes,2,Graduate,No,2957,0.0,81.0,360.0,1.0,Semiurban,Y,2957.0,0.0273926276631721,2,4,Medium,Low,0,0.0,30.0,225.0,0.07609063239770038,Positive Credit History,7.992268643270745,4.406719247264253
Male,Yes,0,Not Graduate,No,4300,2014.0,194.0,360.0,1.0,Rural,Y,6314.0,0.0307253721887868,0,2,Small,Middle,1,0.31897370921761165,30.0,538.8888888888889,0.0853482560799634,Positive Credit History,8.750683034784592,5.272999558563747
Female,No,0,Graduate,No,3692,0.0,93.0,360.0,1.0,Rural,Y,3692.0,0.0251895991332611,0,1,Small,Low,0,0.0,30.0,258.3333333333333,0.06997110870350307,Positive Credit History,8.214194414852564,4.543294782270004
Male,Yes,3+,Graduate,No,23803,0.0,370.0,360.0,1.0,Rural,Y,23803.0,0.0155442591270007,3,5,Large,Very High,0,0.0,30.0,1027.7777777777778,0.04317849757500222,Positive Credit History,10.077608912764743,5.916202062607435
Male,No,0,Graduate,No,3865,1640.0,128.0,360.0,1.0,Rural,Y,5505.0,0.0232515894641235,0,1,Small,Middle,1,0.29791099000908267,30.0,355.55555555555554,0.06458774851145423,Positive Credit History,8.613593685702552,4.859812404361672
Male,Yes,1,Graduate,Yes,10513,3850.0,160.0,180.0,0.0,Urban,N,14363.0,0.0111397340388498,1,3,Medium,Very High,1,0.26804985030982387,15.0,888.8888888888889,0.06188741132694346,Higher Credit Risk,9.572480355345974,5.081404364984463
Male,Yes,0,Graduate,No,6080,2569.0,182.0,360.0,1.0,Rural,N,8649.0,0.0210428951323852,0,2,Small,High,1,0.29702855821482255,30.0,505.55555555555554,0.058452486478847904,Positive Credit History,9.065314599925925,5.209486152841421
Male,No,0,Graduate,Yes,20166,0.0,650.0,480.0,1.0,Urban,Y,20166.0,0.0322324704948923,0,1,Small,Very High,0,0.0,40.0,1354.1666666666667,0.06715098019769249,Positive Credit History,9.911802884139842,6.478509642208569
Male,No,0,Graduate,No,2014,1929.0,74.0,360.0,1.0,Urban,Y,3943.0,0.0187674359624651,0,1,Small,Low,1,0.4892214050215572,30.0,205.55555555555554,0.05213176656240313,Positive Credit History,8.279950715722526,4.31748811353631
Male,No,0,Graduate,No,2718,0.0,70.0,360.0,1.0,Semiurban,Y,2718.0,0.0257542310522442,0,1,Small,Low,0,0.0,30.0,194.44444444444446,0.0715395307006786,Positive Credit History,7.908019444632471,4.2626798770413155
Male,Yes,0,Graduate,Yes,3459,0.0,25.0,120.0,1.0,Semiurban,Y,3459.0,0.0072275224053194,0,2,Small,Low,0,0.0,10.0,208.33333333333334,0.06022935337766214,Positive Credit History,8.14902386805177,3.258096538021482
Male,No,0,Graduate,No,4895,0.0,102.0,360.0,1.0,Semiurban,Y,4895.0,0.0208375893769152,0,1,Small,Middle,0,0.0,30.0,283.3333333333333,0.057882192713653385,Positive Credit History,8.496173824192162,4.634728988229636
Male,Yes,3+,Graduate,No,4000,7750.0,290.0,360.0,1.0,Semiurban,N,11750.0,0.0246808510638297,3,5,Large,High,1,0.6595744680851063,30.0,805.5555555555555,0.06855791962174941,Positive Credit History,9.371693622333941,5.673323267171493
Female,Yes,0,Graduate,No,4583,0.0,84.0,360.0,1.0,Rural,N,4583.0,0.0183286057167794,0,2,Small,Middle,0,0.0,30.0,233.33333333333334,0.05091279365772056,Positive Credit History,8.430327258394575,4.442651256490317
Male,Yes,2,Graduate,Yes,3316,3500.0,88.0,360.0,1.0,Urban,Y,6816.0,0.0129107981220657,2,4,Medium,Middle,1,0.5134976525821596,30.0,244.44444444444446,0.035863328116849245,Positive Credit History,8.827174771362785,4.48863636973214
Male,No,0,Graduate,No,14999,0.0,242.0,360.0,0.0,Semiurban,N,14999.0,0.0161344089605973,0,1,Small,Very High,0,0.0,30.0,672.2222222222222,0.04481780266832603,Higher Credit Risk,9.615805480084347,5.493061443340548
Male,Yes,2,Not Graduate,No,4200,1430.0,129.0,360.0,1.0,Rural,N,5630.0,0.0229129662522202,2,4,Medium,Middle,1,0.2539964476021314,30.0,358.3333333333333,0.06364712847838958,Positive Credit History,8.636042325254618,4.867534450455582
Male,Yes,2,Graduate,No,5042,2083.0,185.0,360.0,1.0,Rural,N,7125.0,0.0259649122807017,2,4,Medium,High,1,0.2923508771929825,30.0,513.8888888888889,0.07212475633528266,Positive Credit History,8.871505346165781,5.225746673713202
Male,No,0,Graduate,No,5417,0.0,168.0,360.0,1.0,Urban,Y,5417.0,0.0310134760937788,0,1,Small,Middle,0,0.0,30.0,466.6666666666667,0.08614854470494124,Positive Credit History,8.59748202264504,5.1298987149230735
Male,No,0,Graduate,Yes,6950,0.0,175.0,180.0,1.0,Semiurban,Y,6950.0,0.0251798561151079,0,1,Small,Middle,0,0.0,15.0,972.2222222222222,0.13988808952837728,Positive Credit History,8.846640813100485,5.170483995038151
Male,Yes,0,Graduate,No,2698,2034.0,122.0,360.0,1.0,Semiurban,Y,4732.0,0.025781910397295,0,2,Small,Middle,1,0.42983939137785293,30.0,338.8888888888889,0.07161641777026392,Positive Credit History,8.462314529906248,4.812184355372417
Male,Yes,2,Graduate,No,11757,0.0,187.0,180.0,1.0,Urban,Y,11757.0,0.0159054180488219,2,4,Medium,High,0,0.0,15.0,1038.888888888889,0.08836343360456655,Positive Credit History,9.3722891389622,5.236441962829949
Female,Yes,0,Graduate,No,2330,4486.0,100.0,360.0,1.0,Semiurban,Y,6816.0,0.0146713615023474,0,2,Small,Middle,1,0.6581572769953051,30.0,277.77777777777777,0.040753781950965046,Positive Credit History,8.827174771362785,4.61512051684126
Female,Yes,2,Graduate,No,14866,0.0,70.0,360.0,1.0,Urban,Y,14866.0,0.0047087313332436,2,4,Medium,Very High,0,0.0,30.0,194.44444444444446,0.01307980925901012,Positive Credit History,9.60689927061335,4.2626798770413155
Male,Yes,1,Graduate,No,1538,1425.0,30.0,360.0,1.0,Urban,Y,2963.0,0.010124873439082,1,3,Medium,Low,1,0.48093148835639554,30.0,83.33333333333333,0.028124648441894474,Positive Credit History,7.994294986415977,3.4339872044851463
Female,No,0,Graduate,No,10000,1666.0,225.0,360.0,1.0,Rural,N,11666.0,0.0192868163895079,0,1,Small,High,1,0.14280816046631237,30.0,625.0,0.053574489970855475,Positive Credit History,9.364519622823858,5.420534999272286
Male,Yes,0,Graduate,No,4860,830.0,125.0,360.0,1.0,Semiurban,Y,5690.0,0.0219683655536028,0,2,Small,Middle,1,0.14586994727592267,30.0,347.22222222222223,0.0610232376488967,Positive Credit History,8.646641258603124,4.836281906951478
Male,No,0,Graduate,No,6277,0.0,118.0,360.0,0.0,Rural,N,6277.0,0.0187987892305241,0,1,Small,Middle,0,0.0,30.0,327.77777777777777,0.05221885897367815,Higher Credit Risk,8.744806737401898,4.77912349311153
Male,Yes,0,Graduate,Yes,2577,3750.0,152.0,360.0,1.0,Rural,Y,6327.0,0.024024024024024,0,2,Small,Middle,1,0.5926979611190137,30.0,422.22222222222223,0.0667334000667334,Positive Credit History,8.75273950944749,5.030437921392435
Male,No,0,Graduate,No,9166,0.0,244.0,360.0,1.0,Urban,N,9166.0,0.026620117826751,0,1,Small,High,0,0.0,30.0,677.7777777777778,0.07394477174097511,Positive Credit History,9.123365357961776,5.501258210544727
Male,Yes,2,Not Graduate,No,2281,0.0,113.0,360.0,1.0,Rural,N,2281.0,0.0495396755808855,2,4,Medium,Low,0,0.0,30.0,313.8888888888889,0.1376102099469044,Positive Credit History,7.732807530422021,4.736198448394496
Male,No,0,Graduate,No,3254,0.0,50.0,360.0,1.0,Urban,Y,3254.0,0.0153657037492317,0,1,Small,Low,0,0.0,30.0,138.88888888888889,0.04268251041453254,Positive Credit History,8.08794755464267,3.9318256327243257
Male,Yes,3+,Graduate,No,39999,0.0,600.0,180.0,0.0,Semiurban,Y,39999.0,0.0150003750093752,3,5,Large,Very High,0,0.0,15.0,3333.3333333333335,0.0833354167187513,Higher Credit Risk,10.596634733096073,6.398594934535208
Male,Yes,1,Graduate,No,6000,0.0,160.0,360.0,1.0,Rural,Y,6000.0,0.0266666666666666,1,3,Medium,Middle,0,0.0,30.0,444.44444444444446,0.07407407407407407,Positive Credit History,8.699681400989514,5.081404364984463
Male,Yes,1,Graduate,No,9538,0.0,187.0,360.0,1.0,Urban,Y,9538.0,0.0196057873768085,1,3,Medium,High,0,0.0,30.0,519.4444444444445,0.054460520491134874,Positive Credit History,9.163143937145207,5.236441962829949
Male,No,0,Graduate,No,2980,2083.0,120.0,360.0,1.0,Rural,Y,5063.0,0.0237013628283626,0,1,Small,Middle,1,0.41141615642899465,30.0,333.3333333333333,0.06583711896767397,Positive Credit History,8.529911963824013,4.795790545596741
Male,Yes,0,Graduate,No,4583,5625.0,255.0,360.0,1.0,Semiurban,Y,10208.0,0.0249804075235109,0,2,Small,High,1,0.5510384012539185,30.0,708.3333333333334,0.06939002089864159,Positive Credit History,9.231024963169016,5.545177444479562
Male,Yes,0,Not Graduate,No,1863,1041.0,98.0,360.0,1.0,Semiurban,Y,2904.0,0.0337465564738292,0,2,Small,Low,1,0.3584710743801653,30.0,272.22222222222223,0.09374043464952556,Positive Credit History,7.974188669286011,4.59511985013459
Male,Yes,0,Graduate,No,7933,0.0,275.0,360.0,1.0,Urban,N,7933.0,0.0346653220723559,0,2,Small,High,0,0.0,30.0,763.8888888888889,0.09629256131209996,Positive Credit History,8.978912601074276,5.62040086571715
Male,Yes,1,Graduate,No,3089,1280.0,121.0,360.0,0.0,Semiurban,N,4369.0,0.027695124742504,1,3,Medium,Middle,1,0.2929732204165713,30.0,336.1111111111111,0.07693090206251112,Higher Credit Risk,8.382518288089635,4.804021044733257
Male,Yes,2,Graduate,No,4167,1447.0,158.0,360.0,1.0,Rural,Y,5614.0,0.0281439258995368,2,4,Medium,Middle,1,0.25774848592803706,30.0,438.8888888888889,0.07817757194315798,Positive Credit History,8.633196867172543,5.0689042022202315
Male,Yes,0,Graduate,No,9323,0.0,75.0,180.0,1.0,Urban,Y,9323.0,0.0080446208302048,0,2,Small,High,0,0.0,15.0,416.6666666666667,0.04469233794558261,Positive Credit History,9.140347000155648,4.330733340286331
Male,Yes,0,Graduate,No,3707,3166.0,182.0,360.0,1.0,Rural,Y,6873.0,0.0264804306707405,0,2,Small,Middle,1,0.4606430961734323,30.0,505.55555555555554,0.07355675186316828,Positive Credit History,8.835501457409778,5.209486152841421
Female,Yes,0,Graduate,No,4583,0.0,112.0,360.0,1.0,Rural,N,4583.0,0.0244381409557058,0,2,Small,Middle,0,0.0,30.0,311.1111111111111,0.06788372487696075,Positive Credit History,8.430327258394575,4.727387818712341
Male,Yes,0,Graduate,No,2439,3333.0,129.0,360.0,1.0,Rural,Y,5772.0,0.0223492723492723,0,2,Small,Middle,1,0.5774428274428275,30.0,358.3333333333333,0.062081312081312075,Positive Credit History,8.660947155060933,4.867534450455582
Male,No,0,Graduate,No,2237,0.0,63.0,480.0,0.0,Semiurban,N,2237.0,0.0281627179257934,0,1,Small,Low,0,0.0,40.0,131.25,0.058672329012069736,Higher Credit Risk,7.71333788887187,4.1588830833596715
Male,Yes,2,Graduate,No,8000,0.0,200.0,360.0,1.0,Semiurban,Y,8000.0,0.025,2,4,Medium,High,0,0.0,30.0,555.5555555555555,0.06944444444444445,Positive Credit History,8.987321812850125,5.303304908059076
Male,Yes,0,Not Graduate,No,1820,1769.0,95.0,360.0,1.0,Rural,Y,3589.0,0.0264697687378099,0,2,Small,Low,1,0.4928949568124826,30.0,263.8888888888889,0.07352713538280549,Positive Credit History,8.185907481482324,4.564348191467836
Male,Yes,3+,Graduate,No,51763,0.0,700.0,300.0,1.0,Urban,Y,51763.0,0.013523172922744,3,5,Large,Very High,0,0.0,25.0,2333.3333333333335,0.04507724307581348,Positive Credit History,10.85445020594156,6.55250788703459
Male,Yes,3+,Not Graduate,No,3522,0.0,81.0,180.0,1.0,Rural,N,3522.0,0.0229982964224872,3,5,Large,Low,0,0.0,15.0,450.0,0.12776831345826234,Positive Credit History,8.167068178341237,4.406719247264253
Male,Yes,0,Graduate,No,5708,5625.0,187.0,360.0,1.0,Semiurban,Y,11333.0,0.0165004853083914,0,2,Small,High,1,0.496338127591988,30.0,519.4444444444445,0.0458346814121984,Positive Credit History,9.335562336729565,5.236441962829949
Male,Yes,0,Not Graduate,Yes,4344,736.0,87.0,360.0,1.0,Semiurban,N,5080.0,0.0171259842519685,0,2,Small,Middle,1,0.14488188976377953,30.0,241.66666666666666,0.04757217847769029,Positive Credit History,8.533263371593732,4.477336814478207
Male,Yes,0,Graduate,No,3497,1964.0,116.0,360.0,1.0,Rural,Y,5461.0,0.0212415308551547,0,2,Small,Middle,1,0.359641091375206,30.0,322.22222222222223,0.05900425237542982,Positive Credit History,8.60557030203365,4.762173934797756
Male,Yes,2,Graduate,No,2045,1619.0,101.0,360.0,1.0,Rural,Y,3664.0,0.0275655021834061,2,4,Medium,Low,1,0.44186681222707425,30.0,280.55555555555554,0.07657083939835031,Positive Credit History,8.206583614320753,4.624972813284271
Male,Yes,3+,Graduate,No,5516,11300.0,495.0,360.0,0.0,Semiurban,N,16816.0,0.0294362511893434,3,5,Large,Very High,1,0.6719790675547098,30.0,1375.0,0.081767364414843,Higher Credit Risk,9.73014555852275,6.206575926724928
Male,Yes,1,Graduate,No,3750,0.0,116.0,360.0,1.0,Semiurban,Y,3750.0,0.0309333333333333,1,3,Medium,Low,0,0.0,30.0,322.22222222222223,0.08592592592592593,Positive Credit History,8.229777750081887,4.762173934797756
Male,No,0,Not Graduate,No,2333,1451.0,102.0,480.0,0.0,Urban,N,3784.0,0.0269556025369978,0,1,Small,Low,1,0.3834566596194503,40.0,212.5,0.05615750528541226,Higher Credit Risk,8.23880116587155,4.634728988229636
Male,Yes,1,Graduate,No,6400,7250.0,180.0,360.0,0.0,Urban,N,13650.0,0.0131868131868131,1,3,Medium,Very High,1,0.5311355311355311,30.0,500.0,0.03663003663003663,Higher Credit Risk,9.521568058002977,5.198497031265826
Male,No,0,Graduate,No,1916,5063.0,67.0,360.0,1.0,Rural,N,6979.0,0.0096002292592061,0,1,Small,Middle,1,0.7254621005874767,30.0,186.11111111111111,0.026667303497794972,Positive Credit History,8.850804195756417,4.219507705176107
Male,Yes,0,Graduate,No,4600,0.0,73.0,180.0,1.0,Semiurban,Y,4600.0,0.0158695652173913,0,2,Small,Middle,0,0.0,15.0,405.55555555555554,0.08816425120772947,Positive Credit History,8.434028950155469,4.30406509320417
Male,Yes,1,Graduate,No,33846,0.0,260.0,360.0,1.0,Semiurban,N,33846.0,0.0076818530993322,1,3,Medium,Very High,0,0.0,30.0,722.2222222222222,0.021338480831478525,Positive Credit History,10.429605648120413,5.564520407322694
Female,Yes,0,Graduate,No,3625,0.0,108.0,360.0,1.0,Semiurban,Y,3625.0,0.0297931034482758,0,2,Small,Low,0,0.0,30.0,300.0,0.08275862068965517,Positive Credit History,8.195885391314796,4.6913478822291435
Male,Yes,0,Graduate,Yes,39147,4750.0,120.0,360.0,1.0,Semiurban,Y,43897.0,0.0027336720049206,0,2,Small,Very High,1,0.10820785019477414,30.0,333.3333333333333,0.0075935333470016925,Positive Credit History,10.6896240399389,4.795790545596741
Male,Yes,1,Graduate,Yes,2178,0.0,66.0,300.0,0.0,Rural,N,2178.0,0.0303030303030303,1,3,Medium,Low,0,0.0,25.0,220.0,0.10101010101010101,Higher Credit Risk,7.68662133494462,4.204692619390966
Male,Yes,0,Graduate,No,2383,2138.0,58.0,360.0,1.0,Rural,Y,4521.0,0.0128290201282902,0,2,Small,Middle,1,0.47290422472904226,30.0,161.11111111111111,0.03563616702302834,Positive Credit History,8.416709652837914,4.07753744390572
Male,Yes,0,Graduate,Yes,674,5296.0,168.0,360.0,1.0,Rural,Y,5970.0,0.0281407035175879,0,2,Small,Middle,1,0.8871021775544389,30.0,466.6666666666667,0.07816862088218872,Positive Credit History,8.694669696546992,5.1298987149230735
Male,Yes,0,Graduate,No,9328,0.0,188.0,180.0,1.0,Rural,Y,9328.0,0.0201543739279588,0,2,Small,High,0,0.0,15.0,1044.4444444444443,0.11196874404421574,Positive Credit History,9.140883106960962,5.241747015059643
Male,No,0,Not Graduate,No,4885,0.0,48.0,360.0,1.0,Rural,Y,4885.0,0.009825997952917,0,1,Small,Middle,0,0.0,30.0,133.33333333333334,0.02729443875810304,Positive Credit History,8.494129251817686,3.8918202981106265
Male,No,0,Graduate,No,12000,0.0,164.0,360.0,1.0,Semiurban,N,12000.0,0.0136666666666666,0,1,Small,High,0,0.0,30.0,455.55555555555554,0.03796296296296296,Positive Credit History,9.392745258631441,5.10594547390058
Male,Yes,0,Not Graduate,No,6033,0.0,160.0,360.0,1.0,Urban,N,6033.0,0.0265208022542681,0,2,Small,Middle,0,0.0,30.0,444.44444444444446,0.07366889515074498,Positive Credit History,8.705165419719007,5.081404364984463
Male,No,0,Graduate,No,3858,0.0,76.0,360.0,1.0,Semiurban,Y,3858.0,0.0196993260756868,0,1,Small,Low,0,0.0,30.0,211.11111111111111,0.054720350210241346,Positive Credit History,8.258163361537619,4.343805421853684
Male,No,0,Graduate,No,4191,0.0,120.0,360.0,1.0,Rural,Y,4191.0,0.0286327845382963,0,1,Small,Middle,0,0.0,30.0,333.3333333333333,0.07953551260637874,Positive Credit History,8.340933226000878,4.795790545596741
Male,Yes,1,Graduate,No,3125,2583.0,170.0,360.0,1.0,Semiurban,N,5708.0,0.0297827610371408,1,3,Medium,Middle,1,0.45252277505255784,30.0,472.22222222222223,0.08272989176983571,Positive Credit History,8.64979915596426,5.14166355650266
Male,No,0,Graduate,No,8333,3750.0,187.0,360.0,1.0,Rural,Y,12083.0,0.0154762890010758,0,1,Small,Very High,1,0.3103533890590085,30.0,519.4444444444445,0.04298969166965526,Positive Credit History,9.399637542506563,5.236441962829949
Female,No,0,Not Graduate,No,1907,2365.0,120.0,360.0,1.0,Urban,Y,4272.0,0.0280898876404494,0,1,Small,Middle,1,0.5536048689138576,30.0,333.3333333333333,0.0780274656679151,Positive Credit History,8.360071435644025,4.795790545596741
Female,Yes,0,Graduate,No,3416,2816.0,113.0,360.0,1.0,Semiurban,Y,6232.0,0.0181322207958921,0,2,Small,Middle,1,0.45186136071887034,30.0,313.8888888888889,0.050367279988589364,Positive Credit History,8.73761303680885,4.736198448394496
Male,No,0,Graduate,Yes,11000,0.0,83.0,360.0,1.0,Urban,N,11000.0,0.0075454545454545,0,1,Small,High,0,0.0,30.0,230.55555555555554,0.02095959595959596,Positive Credit History,9.305741456739435,4.430816798843313
Male,Yes,1,Not Graduate,No,2600,2500.0,90.0,360.0,1.0,Semiurban,Y,5100.0,0.0176470588235294,1,3,Medium,Middle,1,0.49019607843137253,30.0,250.0,0.049019607843137254,Positive Credit History,8.537191877922927,4.51085950651685
Male,No,2,Graduate,No,4923,0.0,166.0,360.0,0.0,Semiurban,Y,4923.0,0.0337192768637009,2,3,Medium,Middle,0,0.0,30.0,461.1111111111111,0.09366465795472498,Higher Credit Risk,8.501876487304344,5.117993812416755
Male,Yes,3+,Not Graduate,No,3992,0.0,128.0,180.0,1.0,Urban,N,3992.0,0.032064128256513,3,5,Large,Low,0,0.0,15.0,711.1111111111111,0.1781340458695168,Positive Credit History,8.292298107063221,4.859812404361672
Male,Yes,1,Not Graduate,No,3500,1083.0,135.0,360.0,1.0,Urban,Y,4583.0,0.0294566877591097,1,3,Medium,Middle,1,0.23630809513419157,30.0,375.0,0.08182413266419376,Positive Credit History,8.430327258394575,4.912654885736052
Male,Yes,2,Not Graduate,No,3917,0.0,124.0,360.0,1.0,Semiurban,Y,3917.0,0.0316568802655093,2,4,Medium,Low,0,0.0,30.0,344.44444444444446,0.08793577851530367,Positive Credit History,8.273336598504486,4.8283137373023015
Female,No,0,Not Graduate,No,4408,0.0,120.0,360.0,1.0,Semiurban,Y,4408.0,0.0272232304900181,0,1,Small,Middle,0,0.0,30.0,333.3333333333333,0.07562008469449485,Positive Credit History,8.391403185357937,4.795790545596741
Female,No,0,Graduate,No,3244,0.0,80.0,360.0,1.0,Urban,Y,3244.0,0.0246609124537607,0,1,Small,Low,0,0.0,30.0,222.22222222222223,0.06850253459377997,Positive Credit History,8.08487062913819,4.394449154672439
Male,No,0,Not Graduate,No,3975,2531.0,55.0,360.0,1.0,Rural,Y,6506.0,0.0084537350138333,0,1,Small,Middle,1,0.3890255149093145,30.0,152.77777777777777,0.02348259726064829,Positive Credit History,8.780633799494984,4.02535169073515
Male,No,0,Graduate,No,2479,0.0,59.0,360.0,1.0,Urban,Y,2479.0,0.0237999193223073,0,1,Small,Low,0,0.0,30.0,163.88888888888889,0.0661108870064094,Positive Credit History,7.8160138391590275,4.0943445622221
Male,No,0,Graduate,No,3418,0.0,127.0,360.0,1.0,Semiurban,N,3418.0,0.0371562317144529,0,1,Small,Low,0,0.0,30.0,352.77777777777777,0.10321175476236916,Positive Credit History,8.137103389639302,4.852030263919617
Female,No,0,Graduate,No,10000,0.0,214.0,360.0,1.0,Semiurban,N,10000.0,0.0214,0,1,Small,High,0,0.0,30.0,594.4444444444445,0.059444444444444446,Positive Credit History,9.210440366976517,5.3706380281276624
Male,Yes,3+,Graduate,No,3430,1250.0,128.0,360.0,0.0,Semiurban,N,4680.0,0.0273504273504273,3,5,Large,Middle,1,0.2670940170940171,30.0,355.55555555555554,0.07597340930674264,Higher Credit Risk,8.45126704130007,4.859812404361672
Male,Yes,1,Graduate,Yes,7787,0.0,240.0,360.0,1.0,Urban,Y,7787.0,0.0308205984332862,1,3,Medium,High,0,0.0,30.0,666.6666666666666,0.08561277342579512,Positive Credit History,8.960339366492091,5.484796933490655
Male,Yes,3+,Not Graduate,Yes,5703,0.0,130.0,360.0,1.0,Rural,Y,5703.0,0.0227950201648255,3,5,Large,Middle,0,0.0,30.0,361.1111111111111,0.06331950045784869,Positive Credit History,8.648922962094131,4.875197323201151
Male,Yes,0,Graduate,No,3173,3021.0,137.0,360.0,1.0,Urban,Y,6194.0,0.0221181788827897,0,2,Small,Middle,1,0.48773006134969327,30.0,380.55555555555554,0.06143938578552721,Positive Credit History,8.731497794063243,4.927253685157205
Male,Yes,3+,Not Graduate,No,3850,983.0,100.0,360.0,1.0,Semiurban,Y,4833.0,0.0206910821435961,3,5,Large,Middle,1,0.20339333747154975,30.0,277.77777777777777,0.05747522817665586,Positive Credit History,8.483429561263428,4.61512051684126
Male,Yes,0,Graduate,No,150,1800.0,135.0,360.0,1.0,Rural,N,1950.0,0.0692307692307692,0,2,Small,Low,1,0.9230769230769231,30.0,375.0,0.19230769230769232,Positive Credit History,7.576097340623111,4.912654885736052
Male,Yes,0,Graduate,No,3727,1775.0,131.0,360.0,1.0,Semiurban,Y,5502.0,0.0238095238095238,0,2,Small,Middle,1,0.3226099600145402,30.0,363.8888888888889,0.06613756613756615,Positive Credit History,8.613048677059759,4.882801922586371
Male,Yes,2,Graduate,No,5000,0.0,72.0,360.0,0.0,Semiurban,N,5000.0,0.0144,2,4,Medium,Middle,0,0.0,30.0,200.0,0.04,Higher Credit Risk,8.517393171418904,4.290459441148391
Female,Yes,2,Graduate,No,4283,2383.0,127.0,360.0,1.0,Semiurban,Y,6666.0,0.019051905190519,2,4,Medium,Middle,1,0.3574857485748575,30.0,352.77777777777777,0.05292195886255292,Positive Credit History,8.80492526261806,4.852030263919617
Male,Yes,0,Graduate,No,2221,0.0,60.0,360.0,0.0,Urban,N,2221.0,0.0270148581719946,0,2,Small,Low,0,0.0,30.0,166.66666666666666,0.07504127269998499,Higher Credit Risk,7.706162970199576,4.110873864173311
Male,Yes,2,Graduate,No,4009,1717.0,116.0,360.0,1.0,Semiurban,Y,5726.0,0.0202584701362207,2,4,Medium,Middle,1,0.29986028641285367,30.0,322.22222222222223,0.05627352815616874,Positive Credit History,8.652947112393857,4.762173934797756
Male,No,0,Graduate,No,2971,2791.0,144.0,360.0,1.0,Semiurban,Y,5762.0,0.02499132245748,0,1,Small,Middle,1,0.48438042346407495,30.0,400.0,0.06942034015966678,Positive Credit History,8.659213451436667,4.976733742420574
Male,Yes,0,Graduate,No,7578,1010.0,175.0,360.0,1.0,Semiurban,Y,8588.0,0.0203772706101537,0,2,Small,High,1,0.1176059618071728,30.0,486.1111111111111,0.05660352947264917,Positive Credit History,9.058237593766226,5.170483995038151
Male,Yes,0,Graduate,No,6250,0.0,128.0,360.0,1.0,Semiurban,Y,6250.0,0.02048,0,2,Small,Middle,0,0.0,30.0,355.55555555555554,0.056888888888888885,Positive Credit History,8.740496729931813,4.859812404361672
Male,Yes,0,Graduate,No,3250,0.0,170.0,360.0,1.0,Rural,N,3250.0,0.0523076923076923,0,2,Small,Low,0,0.0,30.0,472.22222222222223,0.1452991452991453,Positive Credit History,8.086717920303906,5.14166355650266
Male,Yes,0,Not Graduate,Yes,4735,0.0,138.0,360.0,1.0,Urban,N,4735.0,0.0291446673706441,0,2,Small,Middle,0,0.0,30.0,383.3333333333333,0.08095740936290038,Positive Credit History,8.462948176563842,4.9344739331306915
Male,Yes,2,Graduate,No,6250,1695.0,210.0,360.0,1.0,Semiurban,Y,7945.0,0.026431718061674,2,4,Medium,High,1,0.21334172435494023,30.0,583.3333333333334,0.07342143906020558,Positive Credit History,8.980423936374544,5.351858133476067
Male,Yes,0,Graduate,No,4758,0.0,158.0,480.0,1.0,Semiurban,Y,4758.0,0.0332072299285414,0,2,Small,Middle,0,0.0,40.0,329.1666666666667,0.0691817290177946,Positive Credit History,8.46779284112111,5.0689042022202315
Male,No,0,Graduate,Yes,6400,0.0,200.0,360.0,1.0,Rural,Y,6400.0,0.03125,0,1,Small,Middle,0,0.0,30.0,555.5555555555555,0.08680555555555555,Positive Credit History,8.764209507142004,5.303304908059076
Male,Yes,1,Graduate,No,2491,2054.0,104.0,360.0,1.0,Semiurban,Y,4545.0,0.0228822882288228,1,3,Medium,Middle,1,0.45192519251925195,30.0,288.8888888888889,0.06356191174673023,Positive Credit History,8.422003004412488,4.653960350157523
Male,Yes,0,Graduate,No,3716,0.0,42.0,180.0,1.0,Rural,Y,3716.0,0.011302475780409,0,2,Small,Low,0,0.0,15.0,233.33333333333334,0.06279153211338356,Positive Credit History,8.220672170297252,3.7612001156935624
Male,No,0,Not Graduate,No,3189,2598.0,120.0,360.0,1.0,Rural,Y,5787.0,0.0207361327112493,0,1,Small,Middle,1,0.4489372731985485,30.0,333.3333333333333,0.05760036864235931,Positive Credit History,8.663542087751374,4.795790545596741
Female,No,0,Graduate,No,8333,0.0,280.0,360.0,1.0,Semiurban,Y,8333.0,0.0336013440537621,0,1,Small,High,0,0.0,30.0,777.7777777777778,0.09333706681600598,Positive Credit History,9.0280988119824,5.638354669333745
Male,Yes,1,Graduate,No,3155,1779.0,140.0,360.0,1.0,Semiurban,Y,4934.0,0.0283745439805431,1,3,Medium,Middle,1,0.360559383867045,30.0,388.8888888888889,0.07881817772373104,Positive Credit History,8.504107951867582,4.948759890378168
Male,Yes,1,Graduate,No,5500,1260.0,170.0,360.0,1.0,Rural,Y,6760.0,0.0251479289940828,1,3,Medium,Middle,1,0.1863905325443787,30.0,472.22222222222223,0.06985535831689678,Positive Credit History,8.818926087090677,5.14166355650266
Male,Yes,0,Graduate,No,5746,0.0,255.0,360.0,1.0,Urban,N,5746.0,0.044378698224852,0,2,Small,Middle,0,0.0,30.0,708.3333333333334,0.1232741617357002,Positive Credit History,8.656433258507741,5.545177444479562
Female,No,0,Graduate,Yes,3463,0.0,122.0,360.0,1.0,Urban,Y,3463.0,0.035229569737222,0,1,Small,Low,0,0.0,30.0,338.8888888888889,0.09785991593672795,Positive Credit History,8.150179269682326,4.812184355372417
Female,No,1,Graduate,No,3812,0.0,112.0,360.0,1.0,Rural,Y,3812.0,0.0293809024134312,1,2,Small,Low,0,0.0,30.0,311.1111111111111,0.08161361781508686,Positive Credit History,8.246171559857563,4.727387818712341
Male,Yes,1,Graduate,No,3315,0.0,96.0,360.0,1.0,Semiurban,Y,3315.0,0.0289592760180995,1,3,Medium,Low,0,0.0,30.0,266.6666666666667,0.08044243338360986,Positive Credit History,8.106514516255185,4.574710978503383
Male,Yes,2,Graduate,No,5819,5000.0,120.0,360.0,1.0,Rural,Y,10819.0,0.0110915981144283,2,4,Medium,High,1,0.46214992143451333,30.0,333.3333333333333,0.03080999476230089,Positive Credit History,9.289151552400472,4.795790545596741
Male,Yes,1,Not Graduate,No,2510,1983.0,140.0,180.0,1.0,Urban,N,4493.0,0.0311595815713331,1,3,Medium,Middle,1,0.44135321611395506,15.0,777.7777777777778,0.1731087865074066,Positive Credit History,8.410498452745275,4.948759890378168
Male,No,0,Graduate,No,2965,5701.0,155.0,60.0,1.0,Urban,Y,8666.0,0.0178859912300946,0,1,Small,High,1,0.657858296792061,5.0,2583.3333333333335,0.2980998538349104,Positive Credit History,9.067277989134345,5.049856007249537
Male,Yes,2,Graduate,Yes,6250,1300.0,108.0,360.0,1.0,Rural,Y,7550.0,0.0143046357615894,2,4,Medium,High,1,0.17218543046357615,30.0,300.0,0.039735099337748346,Positive Credit History,8.929435283803425,4.6913478822291435
Male,Yes,0,Not Graduate,No,3406,4417.0,123.0,360.0,1.0,Semiurban,Y,7823.0,0.0157228684647833,0,2,Small,High,1,0.5646171545442925,30.0,341.6666666666667,0.04367463462439814,Positive Credit History,8.964951211714654,4.820281565605037
Male,No,0,Graduate,Yes,6050,4333.0,120.0,180.0,1.0,Urban,N,10383.0,0.0115573533660791,0,1,Small,High,1,0.4173167677935086,15.0,666.6666666666666,0.06420751870043982,Positive Credit History,9.248021438943871,4.795790545596741
Male,Yes,2,Graduate,No,9703,0.0,112.0,360.0,1.0,Urban,Y,9703.0,0.0115428218076883,2,4,Medium,High,0,0.0,30.0,311.1111111111111,0.032063393910245395,Positive Credit History,9.180293450623886,4.727387818712341
Male,Yes,1,Not Graduate,No,6608,0.0,137.0,180.0,1.0,Urban,Y,6608.0,0.0207324455205811,1,3,Medium,Middle,0,0.0,15.0,761.1111111111111,0.1151802528921173,Positive Credit History,8.796187635470453,4.927253685157205
Male,Yes,1,Graduate,No,2882,1843.0,123.0,480.0,1.0,Semiurban,Y,4725.0,0.026031746031746,1,3,Medium,Middle,1,0.39005291005291004,40.0,256.25,0.05423280423280423,Positive Credit History,8.460834457746854,4.820281565605037
Male,Yes,0,Graduate,No,1809,1868.0,90.0,360.0,1.0,Urban,Y,3677.0,0.0244764753875441,0,2,Small,Low,1,0.5080228447103617,30.0,250.0,0.06799020940984499,Positive Credit History,8.210124405164267,4.51085950651685
Male,Yes,0,Not Graduate,No,1668,3890.0,201.0,360.0,0.0,Semiurban,N,5558.0,0.0361640878013674,0,2,Small,Middle,1,0.6998920474991004,30.0,558.3333333333334,0.10045579944824277,Higher Credit Risk,8.62317351495347,5.308267697401205
Female,No,2,Graduate,No,3427,0.0,138.0,360.0,1.0,Urban,N,3427.0,0.0402684563758389,2,3,Medium,Low,0,0.0,30.0,383.3333333333333,0.11185682326621924,Positive Credit History,8.13973227971767,4.9344739331306915
Male,No,0,Not Graduate,Yes,2583,2167.0,104.0,360.0,1.0,Rural,Y,4750.0,0.0218947368421052,0,1,Small,Middle,1,0.45621052631578946,30.0,288.8888888888889,0.060818713450292404,Positive Credit History,8.46611040118692,4.653960350157523
Male,Yes,1,Not Graduate,No,2661,7101.0,279.0,180.0,1.0,Semiurban,Y,9762.0,0.0285802089735709,1,3,Medium,High,1,0.7274124154886293,15.0,1550.0,0.15877893874206106,Positive Credit History,9.186355009225672,5.634789603169249
Male,No,0,Graduate,Yes,16250,0.0,192.0,360.0,0.0,Urban,N,16250.0,0.0118153846153846,0,1,Small,Very High,0,0.0,30.0,533.3333333333334,0.03282051282051282,Higher Credit Risk,9.69590972432601,5.262690188904886
Female,No,3+,Graduate,No,3083,0.0,255.0,360.0,1.0,Rural,Y,3083.0,0.0827116445021083,3,4,Medium,Low,0,0.0,30.0,708.3333333333334,0.22975456806141206,Positive Credit History,8.03398273468322,5.545177444479562
Male,No,0,Not Graduate,No,6045,0.0,115.0,360.0,0.0,Rural,N,6045.0,0.0190239867659222,0,1,Small,Middle,0,0.0,30.0,319.44444444444446,0.052844407683117364,Higher Credit Risk,8.707152175339404,4.7535901911063645
Male,Yes,3+,Graduate,No,5250,0.0,94.0,360.0,1.0,Urban,N,5250.0,0.0179047619047619,3,5,Large,Middle,0,0.0,30.0,261.1111111111111,0.04973544973544973,Positive Credit History,8.566173813637858,4.553876891600541
Male,Yes,0,Graduate,No,14683,2100.0,304.0,360.0,1.0,Rural,N,16783.0,0.0181135673002442,0,2,Small,Very High,1,0.1251266162187928,30.0,844.4444444444445,0.05031546472290082,Positive Credit History,9.728181330636078,5.720311776607412
Male,Yes,3+,Not Graduate,No,4931,0.0,128.0,360.0,1.0,Semiurban,N,4931.0,0.0259582234840803,3,5,Large,Middle,0,0.0,30.0,355.55555555555554,0.07210617634466752,Positive Credit History,8.503499864284235,4.859812404361672
Male,Yes,1,Graduate,No,6083,4250.0,330.0,360.0,1.0,Urban,Y,10333.0,0.0319365140810993,1,3,Medium,High,1,0.41130359043840126,30.0,916.6666666666666,0.08871253911416498,Positive Credit History,9.24319470884713,5.802118375377063
Male,No,0,Graduate,No,2060,2209.0,134.0,360.0,1.0,Semiurban,Y,4269.0,0.0313890840946357,0,1,Small,Middle,1,0.5174513937690326,30.0,372.22222222222223,0.08719190026287707,Positive Credit History,8.35936910622267,4.90527477843843
Female,No,1,Graduate,No,3481,0.0,155.0,36.0,1.0,Semiurban,N,3481.0,0.0445274346452168,1,2,Small,Low,0,0.0,3.0,4305.555555555556,1.2368731845893581,Positive Credit History,8.155362120328135,5.049856007249537
Female,No,0,Graduate,No,7200,0.0,120.0,360.0,1.0,Rural,Y,7200.0,0.0166666666666666,0,1,Small,High,0,0.0,30.0,333.3333333333333,0.046296296296296294,Positive Credit History,8.881975184248867,4.795790545596741
Male,No,0,Graduate,Yes,5166,0.0,128.0,360.0,1.0,Semiurban,Y,5166.0,0.0247773906310491,0,1,Small,Middle,0,0.0,30.0,355.55555555555554,0.06882608508624768,Positive Credit History,8.550047528287184,4.859812404361672
Male,No,0,Graduate,No,4095,3447.0,151.0,360.0,1.0,Rural,Y,7542.0,0.0200212145319543,0,1,Small,High,1,0.45704057279236276,30.0,419.44444444444446,0.05561448481098442,Positive Credit History,8.928375259853631,5.0238805208462765
Male,Yes,2,Graduate,No,4708,1387.0,150.0,360.0,1.0,Semiurban,Y,6095.0,0.0246103363412633,2,4,Medium,Middle,1,0.22756357670221494,30.0,416.6666666666667,0.06836204539239814,Positive Credit History,8.715388097366482,5.017279836814924
Male,Yes,3+,Graduate,No,4333,1811.0,160.0,360.0,0.0,Urban,Y,6144.0,0.0260416666666666,3,5,Large,Middle,1,0.2947591145833333,30.0,444.44444444444446,0.07233796296296297,Higher Credit Risk,8.723394022000136,5.081404364984463
Female,No,0,Graduate,No,3418,0.0,135.0,360.0,1.0,Rural,N,3418.0,0.0394967817437097,0,1,Small,Low,0,0.0,30.0,375.0,0.10971328262141604,Positive Credit History,8.137103389639302,4.912654885736052
Female,No,1,Graduate,No,2876,1560.0,90.0,360.0,1.0,Urban,Y,4436.0,0.0202885482416591,1,2,Small,Middle,1,0.35166816952209196,30.0,250.0,0.0563570784490532,Positive Credit History,8.39773375137891,4.51085950651685
Female,No,0,Graduate,No,3237,0.0,30.0,360.0,1.0,Urban,Y,3237.0,0.0092678405931417,0,1,Small,Low,0,0.0,30.0,83.33333333333333,0.025744001647616106,Positive Credit History,8.08271113423758,3.4339872044851463
Male,Yes,0,Graduate,No,11146,0.0,136.0,360.0,1.0,Urban,Y,11146.0,0.0122016867037502,0,2,Small,High,0,0.0,30.0,377.77777777777777,0.033893574177083954,Positive Credit History,9.318925682389624,4.919980925828125
Male,No,0,Graduate,No,2833,1857.0,126.0,360.0,1.0,Rural,Y,4690.0,0.026865671641791,0,1,Small,Middle,1,0.3959488272921109,30.0,350.0,0.07462686567164178,Positive Credit History,8.453401058328458,4.844187086458591
Male,Yes,0,Graduate,No,2620,2223.0,150.0,360.0,1.0,Semiurban,Y,4843.0,0.0309725376832541,0,2,Small,Middle,1,0.459013008465827,30.0,416.6666666666667,0.08603482689792828,Positive Credit History,8.485496104672983,5.017279836814924
Male,Yes,2,Graduate,No,3900,0.0,90.0,360.0,1.0,Semiurban,Y,3900.0,0.023076923076923,2,4,Medium,Low,0,0.0,30.0,250.0,0.0641025641025641,Positive Credit History,8.268988209506656,4.51085950651685
Male,Yes,1,Graduate,No,2750,1842.0,115.0,360.0,1.0,Semiurban,Y,4592.0,0.0250435540069686,1,3,Medium,Middle,1,0.4011324041811847,30.0,319.44444444444446,0.06956542779713512,Positive Credit History,8.432288684325794,4.7535901911063645
Male,Yes,0,Graduate,No,3993,3274.0,207.0,360.0,1.0,Semiurban,Y,7267.0,0.0284849318838585,0,2,Small,High,1,0.45052979221136646,30.0,575.0,0.07912481078849594,Positive Credit History,8.891236429516061,5.337538079701318
Male,Yes,0,Graduate,No,3103,1300.0,80.0,360.0,1.0,Urban,Y,4403.0,0.0181694299341358,0,2,Small,Middle,1,0.295253236429707,30.0,222.22222222222223,0.050470638705932824,Positive Credit History,8.390268497842571,4.394449154672439
Male,Yes,0,Graduate,No,14583,0.0,436.0,360.0,1.0,Semiurban,Y,14583.0,0.0298978262360282,0,2,Small,Very High,0,0.0,30.0,1211.111111111111,0.0830495173223007,Positive Credit History,9.5876803163585,6.07993319509559
Female,Yes,0,Not Graduate,No,4100,0.0,124.0,360.0,1.0,Rural,Y,4100.0,0.0302439024390243,0,2,Small,Middle,0,0.0,30.0,344.44444444444446,0.08401084010840108,Positive Credit History,8.31898612539206,4.8283137373023015
Male,No,1,Not Graduate,Yes,4053,2426.0,158.0,360.0,0.0,Urban,N,6479.0,0.0243864793949683,1,2,Small,Middle,1,0.3744405000771724,30.0,438.8888888888889,0.06774022054157879,Higher Credit Risk,8.776475789346321,5.0689042022202315
Male,Yes,0,Graduate,No,3927,800.0,112.0,360.0,1.0,Semiurban,Y,4727.0,0.0236936746350751,0,2,Small,Middle,1,0.16924053310767928,30.0,311.1111111111111,0.06581576287520861,Positive Credit History,8.461257559085935,4.727387818712341
Male,Yes,2,Graduate,No,2301,985.7999878,78.0,180.0,1.0,Urban,Y,3286.7999878,0.0237312888796159,2,4,Medium,Low,1,0.2999269780513293,15.0,433.3333333333333,0.1318404937756442,Positive Credit History,8.097973923364721,4.3694478524670215
Female,No,0,Graduate,No,1811,1666.0,54.0,360.0,1.0,Urban,Y,3477.0,0.0155306298533218,0,1,Small,Low,1,0.4791486914006327,30.0,150.0,0.04314063848144953,Positive Credit History,8.154212694914229,4.007333185232471
Male,Yes,0,Graduate,No,20667,0.0,128.0,360.0,1.0,Rural,N,20667.0,0.0061934484927662,0,2,Small,Very High,0,0.0,30.0,355.55555555555554,0.01720402359101735,Positive Credit History,9.936341889407075,4.859812404361672
Male,No,0,Graduate,No,3158,3053.0,89.0,360.0,1.0,Rural,Y,6211.0,0.014329415553051,0,1,Small,Middle,1,0.49154725487039125,30.0,247.22222222222223,0.03980393209180844,Positive Credit History,8.734238184268579,4.499809670330265
Female,No,0,Graduate,Yes,2600,1717.0,99.0,300.0,1.0,Semiurban,N,4317.0,0.0229325920778318,0,1,Small,Middle,1,0.39772990502663885,25.0,330.0,0.07644197359277276,Positive Credit History,8.370547611074752,4.605170185988092
Male,Yes,0,Graduate,No,3704,2000.0,120.0,360.0,1.0,Rural,Y,5704.0,0.0210378681626928,0,2,Small,Middle,1,0.3506311360448808,30.0,333.3333333333333,0.058438522674146794,Positive Credit History,8.649098262296176,4.795790545596741
Female,No,0,Graduate,No,4124,0.0,115.0,360.0,1.0,Semiurban,Y,4124.0,0.0278855480116391,0,1,Small,Middle,0,0.0,30.0,319.44444444444446,0.07745985558788662,Positive Credit History,8.324821298768782,4.7535901911063645
Male,No,0,Graduate,No,9508,0.0,187.0,360.0,1.0,Rural,Y,9508.0,0.0196676482961716,0,1,Small,High,0,0.0,30.0,519.4444444444445,0.054632356378254573,Positive Credit History,9.159993997539445,5.236441962829949
Male,Yes,0,Graduate,No,3075,2416.0,139.0,360.0,1.0,Rural,Y,5491.0,0.025314150427973,0,2,Small,Middle,1,0.4399927153523948,30.0,386.1111111111111,0.07031708452214734,Positive Credit History,8.61104776688786,4.941642422609304
Male,Yes,2,Graduate,No,4400,0.0,127.0,360.0,0.0,Semiurban,N,4400.0,0.0288636363636363,2,4,Medium,Middle,0,0.0,30.0,352.77777777777777,0.08017676767676768,Higher Credit Risk,8.38958706681109,4.852030263919617
Male,Yes,2,Graduate,No,3153,1560.0,134.0,360.0,1.0,Urban,Y,4713.0,0.0284319966051347,2,4,Medium,Middle,1,0.3309993634627626,30.0,372.22222222222223,0.07897776834759648,Positive Credit History,8.458292083496076,4.90527477843843
Female,No,0,Graduate,No,5417,0.0,143.0,480.0,0.0,Urban,N,5417.0,0.0263983754845855,0,1,Small,Middle,0,0.0,40.0,297.9166666666667,0.05499661559288659,Higher Credit Risk,8.59748202264504,4.969813299576001
Male,Yes,0,Graduate,No,2383,3334.0,172.0,360.0,1.0,Semiurban,Y,5717.0,0.0300857092880881,0,2,Small,Middle,1,0.5831729928284065,30.0,477.77777777777777,0.08357141468913377,Positive Credit History,8.651374372882257,5.153291594497779
Male,Yes,3+,Graduate,No,4416,1250.0,110.0,360.0,1.0,Urban,Y,5666.0,0.0194140487116131,3,5,Large,Middle,1,0.22061418990469467,30.0,305.55555555555554,0.05392791308781425,Positive Credit History,8.64241515616962,4.709530201312334
Male,Yes,1,Graduate,No,6875,0.0,200.0,360.0,1.0,Semiurban,Y,6875.0,0.029090909090909,1,3,Medium,Middle,0,0.0,30.0,555.5555555555555,0.0808080808080808,Positive Credit History,8.83579236650274,5.303304908059076
Female,Yes,1,Graduate,No,4666,0.0,135.0,360.0,1.0,Urban,Y,4666.0,0.028932704672096,1,3,Medium,Middle,0,0.0,30.0,375.0,0.0803686240891556,Positive Credit History,8.448271745949816,4.912654885736052
Female,No,0,Graduate,No,5000,2541.0,151.0,480.0,1.0,Rural,N,7541.0,0.0200238695133271,0,1,Small,High,1,0.33695796313486276,40.0,314.5833333333333,0.04171639481943155,Positive Credit History,8.928242677818302,5.0238805208462765
Male,Yes,1,Graduate,No,2014,2925.0,113.0,360.0,1.0,Urban,N,4939.0,0.0228791253290139,1,3,Medium,Middle,1,0.5922251467908484,30.0,313.8888888888889,0.0635531259139277,Positive Credit History,8.505120610181969,4.736198448394496
Male,Yes,0,Not Graduate,No,1800,2934.0,93.0,360.0,0.0,Urban,N,4734.0,0.0196451204055766,0,2,Small,Middle,1,0.6197718631178707,30.0,258.3333333333333,0.05456977890437966,Higher Credit Risk,8.462737005620179,4.543294782270004
Male,Yes,0,Not Graduate,No,2875,1750.0,105.0,360.0,1.0,Semiurban,Y,4625.0,0.0227027027027027,0,2,Small,Middle,1,0.3783783783783784,30.0,291.6666666666667,0.06306306306306307,Positive Credit History,8.439447842791385,4.663439094112067
Female,No,0,Graduate,No,5000,0.0,132.0,360.0,1.0,Rural,Y,5000.0,0.0264,0,1,Small,Middle,0,0.0,30.0,366.6666666666667,0.07333333333333333,Positive Credit History,8.517393171418904,4.890349128221754
Male,Yes,1,Graduate,No,1625,1803.0,96.0,360.0,1.0,Urban,Y,3428.0,0.028004667444574,1,3,Medium,Low,1,0.5259626604434072,30.0,266.6666666666667,0.07779074290159471,Positive Credit History,8.14002395246292,4.574710978503383
Male,No,0,Graduate,No,4000,2500.0,140.0,360.0,1.0,Rural,Y,6500.0,0.0215384615384615,0,1,Small,Middle,1,0.38461538461538464,30.0,388.8888888888889,0.05982905982905983,Positive Credit History,8.77971129020447,4.948759890378168
Male,No,0,Not Graduate,No,2000,0.0,128.0,360.0,1.0,Urban,N,2000.0,0.064,0,1,Small,Low,0,0.0,30.0,355.55555555555554,0.17777777777777778,Positive Credit History,7.601402334583733,4.859812404361672
Female,No,0,Graduate,No,3762,1666.0,135.0,360.0,1.0,Rural,Y,5428.0,0.0248710390567428,0,1,Small,Middle,1,0.3069270449521002,30.0,375.0,0.06908621960206338,Positive Credit History,8.599510233905452,4.912654885736052
Female,No,0,Graduate,No,2400,1863.0,104.0,360.0,0.0,Urban,N,4263.0,0.0243959652826647,0,1,Small,Middle,1,0.4370161857846587,30.0,288.8888888888889,0.06776657022962443,Higher Credit Risk,8.357962965845681,4.653960350157523
Male,No,0,Graduate,No,20233,0.0,480.0,360.0,1.0,Rural,N,20233.0,0.0237236198289922,0,1,Small,Very High,0,0.0,30.0,1333.3333333333333,0.06589894396942289,Positive Credit History,9.915119636765835,6.175867270105761
Male,Yes,2,Not Graduate,No,7667,0.0,185.0,360.0,1.0,Rural,Y,7667.0,0.0241293856788835,2,4,Medium,High,0,0.0,30.0,513.8888888888889,0.06702607133023203,Positive Credit History,8.944811104165534,5.225746673713202
Female,No,0,Graduate,No,2917,0.0,84.0,360.0,1.0,Semiurban,Y,2917.0,0.0287967089475488,0,1,Small,Low,0,0.0,30.0,233.33333333333334,0.0799908581876357,Positive Credit History,7.978653729082731,4.442651256490317
Male,No,0,Not Graduate,No,2927,2405.0,111.0,360.0,1.0,Semiurban,Y,5332.0,0.0208177044261065,0,1,Small,Middle,1,0.4510502625656414,30.0,308.3333333333333,0.057826956739184796,Positive Credit History,8.581669210600602,4.718498871295094
Female,No,0,Graduate,No,2507,0.0,56.0,360.0,1.0,Rural,Y,2507.0,0.0223374551256481,0,1,Small,Low,0,0.0,30.0,155.55555555555554,0.06204848646013384,Positive Credit History,7.827240901752812,4.04305126783455
Male,Yes,2,Graduate,Yes,5746,0.0,144.0,84.0,1.0,Rural,Y,5746.0,0.0250609119387399,2,4,Medium,Middle,0,0.0,7.0,1714.2857142857142,0.2983441897469047,Positive Credit History,8.656433258507741,4.976733742420574
Male,Yes,0,Graduate,No,2473,1843.0,159.0,360.0,1.0,Rural,N,4316.0,0.0368396663577386,0,2,Small,Middle,1,0.4270157553290083,30.0,441.6666666666667,0.10233240654927403,Positive Credit History,8.370315995555478,5.075173815233827
Male,Yes,1,Not Graduate,No,3399,1640.0,111.0,180.0,1.0,Urban,Y,5039.0,0.022028180194483,1,3,Medium,Middle,1,0.3254614010716412,15.0,616.6666666666666,0.12237877885823906,Positive Credit History,8.525161361065415,4.718498871295094
Male,Yes,2,Graduate,No,3717,0.0,120.0,360.0,1.0,Semiurban,Y,3717.0,0.0322841000807102,2,4,Medium,Low,0,0.0,30.0,333.3333333333333,0.08967805577975069,Positive Credit History,8.220941168281389,4.795790545596741
Male,Yes,0,Graduate,No,2058,2134.0,88.0,360.0,1.0,Urban,Y,4192.0,0.0209923664122137,0,2,Small,Middle,1,0.5090648854961832,30.0,244.44444444444446,0.058312128922815946,Positive Credit History,8.341171747170762,4.48863636973214
Female,No,1,Graduate,No,3541,0.0,112.0,360.0,1.0,Semiurban,Y,3541.0,0.031629483196837,1,2,Small,Low,0,0.0,30.0,311.1111111111111,0.08785967554676959,Positive Credit History,8.17244681834278,4.727387818712341
Male,Yes,1,Graduate,Yes,10000,0.0,155.0,360.0,1.0,Rural,N,10000.0,0.0155,1,3,Medium,High,0,0.0,30.0,430.55555555555554,0.043055555555555555,Positive Credit History,9.210440366976517,5.049856007249537
Male,Yes,0,Graduate,No,2400,2167.0,115.0,360.0,1.0,Semiurban,Y,4567.0,0.0251806437486314,0,2,Small,Middle,1,0.47449091307203856,30.0,319.44444444444446,0.06994623263508747,Positive Credit History,8.426830751335846,4.7535901911063645
Male,Yes,3+,Graduate,No,4342,189.0,124.0,360.0,1.0,Semiurban,Y,4531.0,0.0273670271463253,3,5,Large,Middle,1,0.04171264621496359,30.0,344.44444444444446,0.07601951985090366,Positive Credit History,8.418918622147897,4.8283137373023015
Male,Yes,2,Not Graduate,No,3601,1590.0,128.0,360.0,1.0,Rural,Y,5191.0,0.0246580620304372,2,4,Medium,Middle,1,0.3062993642843383,30.0,355.55555555555554,0.06849461675121471,Positive Credit History,8.554874258383926,4.859812404361672
Female,No,0,Graduate,No,3166,2985.0,132.0,360.0,1.0,Rural,Y,6151.0,0.0214599252154121,0,1,Small,Middle,1,0.48528694521216065,30.0,366.6666666666667,0.0596109033761448,Positive Credit History,8.72453251118548,4.890349128221754
Male,Yes,3+,Graduate,No,15000,0.0,300.0,360.0,1.0,Rural,Y,15000.0,0.02,3,5,Large,Very High,0,0.0,30.0,833.3333333333334,0.05555555555555556,Positive Credit History,9.61587214452889,5.707110264748875
Male,Yes,1,Graduate,Yes,8666,4983.0,376.0,360.0,0.0,Rural,N,13649.0,0.0275478057000512,1,3,Medium,Very High,1,0.36508169096637116,30.0,1044.4444444444443,0.07652168250014245,Higher Credit Risk,9.521494800613105,5.932245187448011
Male,No,0,Graduate,No,4917,0.0,130.0,360.0,0.0,Rural,Y,4917.0,0.0264388854992881,0,1,Small,Middle,0,0.0,30.0,361.1111111111111,0.07344134860913384,Higher Credit Risk,8.500657222776137,4.875197323201151
Male,Yes,0,Graduate,Yes,5818,2160.0,184.0,360.0,1.0,Semiurban,Y,7978.0,0.0230634244171471,0,2,Small,High,1,0.27074454750564053,30.0,511.1111111111111,0.06406506782540876,Positive Credit History,8.984568369308281,5.220355825078324
Female,Yes,0,Graduate,No,4333,2451.0,110.0,360.0,1.0,Urban,N,6784.0,0.0162146226415094,0,2,Small,Middle,1,0.36129127358490565,30.0,305.55555555555554,0.04504061844863731,Positive Credit History,8.82246957226897,4.709530201312334
Female,No,0,Graduate,No,2500,0.0,67.0,360.0,1.0,Urban,Y,2500.0,0.0268,0,1,Small,Low,0,0.0,30.0,186.11111111111111,0.07444444444444445,Positive Credit History,7.824445930877619,4.219507705176107
Male,No,1,Graduate,No,4384,1793.0,117.0,360.0,1.0,Urban,Y,6177.0,0.0189412336085478,1,2,Small,Middle,1,0.29027035777885707,30.0,325.0,0.052614537801521775,Positive Credit History,8.728749873478527,4.770684624465665
Male,No,0,Graduate,No,2935,0.0,98.0,360.0,1.0,Semiurban,Y,2935.0,0.0333901192504258,0,1,Small,Low,0,0.0,30.0,272.22222222222223,0.09275033125118304,Positive Credit History,7.984803389734406,4.59511985013459
Male,No,0,Graduate,No,2833,0.0,71.0,360.0,1.0,Urban,Y,2833.0,0.0250617719731733,0,1,Small,Low,0,0.0,30.0,197.22222222222223,0.06961603325881477,Positive Credit History,7.949444420250626,4.276666119016055
Male,Yes,0,Graduate,No,63337,0.0,490.0,180.0,1.0,Urban,Y,63337.0,0.0077363942087563,0,2,Small,Very High,0,0.0,15.0,2722.222222222222,0.04297996782642408,Positive Credit History,11.056240743970491,6.19644412779452
Male,Yes,1,Graduate,Yes,9833,1833.0,182.0,180.0,1.0,Urban,Y,11666.0,0.0156008914795131,1,3,Medium,High,1,0.15712326418652495,15.0,1011.1111111111111,0.08667161933062842,Positive Credit History,9.364519622823858,5.209486152841421
Male,Yes,0,Graduate,Yes,5503,4490.0,70.0,360.0,1.0,Semiurban,Y,9993.0,0.0070049034324026,0,2,Small,High,1,0.4493145201641149,30.0,194.44444444444446,0.01945806509000745,Positive Credit History,9.20974019190415,4.2626798770413155
Male,Yes,1,Graduate,No,5250,688.0,160.0,360.0,1.0,Rural,Y,5938.0,0.0269450993600538,1,3,Medium,Middle,1,0.11586392724823173,30.0,444.44444444444446,0.07484749822237192,Positive Credit History,8.68929604801586,5.081404364984463
Male,Yes,2,Graduate,Yes,2500,4600.0,176.0,360.0,1.0,Rural,Y,7100.0,0.0247887323943661,2,4,Medium,High,1,0.647887323943662,30.0,488.8888888888889,0.06885758998435056,Positive Credit History,8.867990898182093,5.176149732573829
Female,No,3+,Not Graduate,No,1830,0.0,128.0,360.0,0.0,Urban,N,1830.0,0.0699453551912568,3,4,Medium,Low,0,0.0,30.0,355.55555555555554,0.19429265330904674,Higher Credit Risk,7.5126175446745105,4.859812404361672
Female,No,0,Graduate,No,4160,0.0,71.0,360.0,1.0,Semiurban,Y,4160.0,0.0170673076923076,0,1,Small,Middle,0,0.0,30.0,197.22222222222223,0.04740918803418803,Positive Credit History,8.333510708982942,4.276666119016055
Male,Yes,3+,Not Graduate,No,2647,1587.0,173.0,360.0,1.0,Rural,N,4234.0,0.040859707132735,3,5,Large,Middle,1,0.37482286254133207,30.0,480.55555555555554,0.11349918647981945,Positive Credit History,8.351138607086154,5.159055299214529
Female,No,0,Graduate,No,2378,0.0,46.0,360.0,1.0,Rural,N,2378.0,0.0193439865433137,0,1,Small,Low,0,0.0,30.0,127.77777777777777,0.05373329595364919,Positive Credit History,7.774435510302958,3.8501476017100584
Male,Yes,1,Not Graduate,No,4554,1229.0,158.0,360.0,1.0,Urban,Y,5783.0,0.0273214594501123,1,3,Medium,Middle,1,0.212519453570811,30.0,438.8888888888889,0.07589294291697889,Positive Credit History,8.6628507638386,5.0689042022202315
Male,Yes,3+,Not Graduate,No,3173,0.0,74.0,360.0,1.0,Semiurban,Y,3173.0,0.0233217774976363,3,5,Large,Low,0,0.0,30.0,205.55555555555554,0.06478271527121196,Positive Credit History,8.062747901086354,4.31748811353631
Male,Yes,2,Graduate,No,2583,2330.0,125.0,360.0,1.0,Rural,Y,4913.0,0.0254427030327702,2,4,Medium,Middle,1,0.47425198453083656,30.0,347.22222222222223,0.07067417509102834,Positive Credit History,8.499843553081124,4.836281906951478
Male,Yes,0,Graduate,No,2499,2458.0,160.0,360.0,1.0,Semiurban,Y,4957.0,0.032277587250353,0,2,Small,Middle,1,0.4958644341335485,30.0,444.44444444444446,0.089659964584314,Positive Credit History,8.508757712595136,5.081404364984463
Male,Yes,0,Not Graduate,No,3523,3230.0,152.0,360.0,0.0,Rural,N,6753.0,0.0225085147341922,0,2,Small,Middle,1,0.4783059381015845,30.0,422.22222222222223,0.06252365203942281,Higher Credit Risk,8.817890200945513,5.030437921392435
Male,Yes,2,Not Graduate,No,3083,2168.0,126.0,360.0,1.0,Urban,Y,5251.0,0.023995429442011,2,4,Medium,Middle,1,0.41287373833555513,30.0,350.0,0.0666539706722529,Positive Credit History,8.566364235422688,4.844187086458591
Male,Yes,0,Graduate,No,6333,4583.0,259.0,360.0,1.0,Semiurban,Y,10916.0,0.0237266397947966,0,2,Small,High,1,0.4198424331256871,30.0,719.4444444444445,0.06590733276332397,Positive Credit History,9.29807648628027,5.560681631015528
Male,Yes,0,Graduate,No,2625,6250.0,187.0,360.0,1.0,Rural,Y,8875.0,0.0210704225352112,0,2,Small,High,1,0.704225352112676,30.0,519.4444444444445,0.05852895148669797,Positive Credit History,9.091106284052485,5.236441962829949
Male,Yes,0,Graduate,No,9083,0.0,228.0,360.0,1.0,Semiurban,Y,9083.0,0.0251018385995816,0,2,Small,High,0,0.0,30.0,633.3333333333334,0.06972732944328233,Positive Credit History,9.114269903225448,5.43372200355424
Male,No,0,Graduate,No,8750,4167.0,308.0,360.0,1.0,Rural,N,12917.0,0.0238445459472013,0,1,Small,Very High,1,0.3225981264999613,30.0,855.5555555555555,0.06623484985333712,Positive Credit History,9.466376966592419,5.733341276897746
Male,Yes,3+,Graduate,No,2666,2083.0,95.0,360.0,1.0,Rural,Y,4749.0,0.020004211412929,3,5,Large,Middle,1,0.4386186565592756,30.0,263.8888888888889,0.05556725392480289,Positive Credit History,8.465899897028686,4.564348191467836
Female,Yes,0,Graduate,Yes,5500,0.0,105.0,360.0,0.0,Rural,N,5500.0,0.019090909090909,0,2,Small,Middle,0,0.0,30.0,291.6666666666667,0.05303030303030303,Higher Credit Risk,8.612685172875459,4.663439094112067
Female,Yes,0,Graduate,No,2423,505.0,130.0,360.0,1.0,Semiurban,Y,2928.0,0.0443989071038251,0,2,Small,Low,1,0.17247267759562843,30.0,361.1111111111111,0.12333029751062537,Positive Credit History,7.982416346827733,4.875197323201151
Female,No,0,Graduate,No,3813,0.0,116.0,180.0,1.0,Urban,Y,3813.0,0.030422239706268,0,1,Small,Low,0,0.0,15.0,644.4444444444445,0.16901244281260017,Positive Credit History,8.246433786160365,4.762173934797756
Male,Yes,2,Graduate,No,8333,3167.0,165.0,360.0,1.0,Rural,Y,11500.0,0.0143478260869565,2,4,Medium,High,1,0.2753913043478261,30.0,458.3333333333333,0.03985507246376811,Positive Credit History,9.350189267092581,5.111987788356544
Male,Yes,1,Graduate,No,3875,0.0,67.0,360.0,1.0,Urban,N,3875.0,0.0172903225806451,1,3,Medium,Low,0,0.0,30.0,186.11111111111111,0.04802867383512545,Positive Credit History,8.262558973010657,4.219507705176107
Male,Yes,0,Not Graduate,No,3000,1666.0,100.0,480.0,0.0,Urban,N,4666.0,0.0214316330904414,0,2,Small,Middle,1,0.35705100728675526,40.0,208.33333333333334,0.04464923560508644,Higher Credit Risk,8.448271745949816,4.61512051684126
Male,Yes,3+,Graduate,No,5167,3167.0,200.0,360.0,1.0,Semiurban,Y,8334.0,0.0239980801535877,3,5,Large,High,1,0.38000959923206146,30.0,555.5555555555555,0.06666133375996587,Positive Credit History,9.028218795184895,5.303304908059076
Female,No,1,Graduate,No,4723,0.0,81.0,360.0,1.0,Semiurban,N,4723.0,0.017150116451408,1,2,Small,Middle,0,0.0,30.0,225.0,0.047639212365022235,Positive Credit History,8.460411177317253,4.406719247264253
Male,Yes,2,Graduate,No,5000,3667.0,236.0,360.0,1.0,Semiurban,Y,8667.0,0.0272297219337717,2,4,Medium,High,1,0.4230991115726318,30.0,655.5555555555555,0.07563811648269939,Positive Credit History,9.067393362656249,5.4680601411351315
Male,Yes,0,Graduate,No,4750,2333.0,130.0,360.0,1.0,Urban,Y,7083.0,0.0183538048849357,0,2,Small,High,1,0.32938020612734714,30.0,361.1111111111111,0.05098279134704378,Positive Credit History,8.865593998902725,4.875197323201151
Male,Yes,0,Graduate,No,3013,3033.0,95.0,300.0,1.0,Urban,Y,6046.0,0.0157128680119087,0,2,Small,Middle,1,0.5016539861065167,25.0,316.6666666666667,0.052376226706362335,Positive Credit History,8.707317560273212,4.564348191467836
Male,No,0,Graduate,Yes,6822,0.0,141.0,360.0,1.0,Rural,Y,6822.0,0.0206684256816182,0,1,Small,Middle,0,0.0,30.0,391.6666666666667,0.05741229356005082,Positive Credit History,8.828054536815424,4.955827057601261
Male,No,0,Not Graduate,No,6216,0.0,133.0,360.0,1.0,Rural,N,6216.0,0.0213963963963963,0,1,Small,Middle,0,0.0,30.0,369.44444444444446,0.059434434434434434,Positive Credit History,8.735042754269337,4.897839799950911
Male,No,0,Graduate,No,2500,0.0,96.0,480.0,1.0,Semiurban,N,2500.0,0.0384,0,1,Small,Low,0,0.0,40.0,200.0,0.08,Positive Credit History,7.824445930877619,4.574710978503383
Male,No,0,Graduate,No,5124,0.0,124.0,360.0,0.0,Rural,N,5124.0,0.024199843871975,0,1,Small,Middle,0,0.0,30.0,344.44444444444446,0.06722178853326395,Higher Credit Risk,8.54188580400661,4.8283137373023015
Male,Yes,1,Graduate,No,6325,0.0,175.0,360.0,1.0,Semiurban,Y,6325.0,0.0276679841897233,1,3,Medium,Middle,0,0.0,30.0,486.1111111111111,0.07685551163812034,Positive Credit History,8.752423403865594,5.170483995038151
Male,Yes,0,Graduate,No,19730,5266.0,570.0,360.0,1.0,Rural,N,24996.0,0.0228036485837734,0,2,Small,Very High,1,0.21067370779324693,30.0,1583.3333333333333,0.06334346828825946,Positive Credit History,10.126511096649761,6.3473892096560105
Female,No,0,Graduate,Yes,15759,0.0,55.0,360.0,1.0,Semiurban,Y,15759.0,0.0034900691668253,0,1,Small,Very High,0,0.0,30.0,152.77777777777777,0.00969463657451474,Positive Credit History,9.66523036341187,4.02535169073515
Male,Yes,2,Graduate,No,5185,0.0,155.0,360.0,1.0,Semiurban,Y,5185.0,0.0298939247830279,2,4,Medium,Middle,0,0.0,30.0,430.55555555555554,0.08303867995285545,Positive Credit History,8.55371796609861,5.049856007249537
Male,Yes,2,Graduate,Yes,9323,7873.0,380.0,300.0,1.0,Rural,Y,17196.0,0.0220981623633403,2,4,Medium,Very High,1,0.45783903233310075,25.0,1266.6666666666667,0.07366054121113437,Positive Credit History,9.752490228984199,5.942799375126701
Male,No,1,Graduate,No,3062,1987.0,111.0,180.0,0.0,Urban,N,5049.0,0.0219845513963161,1,2,Small,Middle,1,0.39354327589621707,15.0,616.6666666666666,0.12213639664620056,Higher Credit Risk,8.527143522269405,4.718498871295094
Female,No,0,Graduate,No,2764,1459.0,110.0,360.0,1.0,Urban,Y,4223.0,0.0260478332938669,0,1,Small,Middle,1,0.34548898887047125,30.0,305.55555555555554,0.07235509248296366,Positive Credit History,8.348537825386098,4.709530201312334
Male,Yes,0,Graduate,No,4817,923.0,120.0,180.0,1.0,Urban,Y,5740.0,0.0209059233449477,0,2,Small,Middle,1,0.160801393728223,15.0,666.6666666666666,0.11614401858304296,Positive Credit History,8.655388690167637,4.795790545596741
Male,Yes,3+,Graduate,No,8750,4996.0,130.0,360.0,1.0,Rural,Y,13746.0,0.0094572966681216,3,5,Large,Very High,1,0.3634511857995053,30.0,361.1111111111111,0.026270268522560095,Positive Credit History,9.52857589747142,4.875197323201151
Male,Yes,0,Graduate,No,4310,0.0,130.0,360.0,1.0,Semiurban,Y,4310.0,0.0301624129930394,0,2,Small,Middle,0,0.0,30.0,361.1111111111111,0.08378448053622067,Positive Credit History,8.368925174747135,4.875197323201151
Male,No,0,Graduate,No,3069,0.0,71.0,480.0,1.0,Urban,N,3069.0,0.0231345715216682,0,1,Small,Low,0,0.0,40.0,147.91666666666666,0.048197024003475614,Positive Credit History,8.029432840581244,4.276666119016055
Male,Yes,2,Graduate,No,5391,0.0,130.0,360.0,1.0,Urban,Y,5391.0,0.0241142645149322,2,4,Medium,Middle,0,0.0,30.0,361.1111111111111,0.06698406809703415,Positive Credit History,8.592671652592143,4.875197323201151
Male,Yes,0,Graduate,No,3333,2500.0,128.0,360.0,1.0,Semiurban,Y,5833.0,0.0219441110920624,0,2,Small,Middle,1,0.4285959197668438,30.0,355.55555555555554,0.06095586414461779,Positive Credit History,8.671458150427666,4.859812404361672
Male,No,0,Graduate,No,5941,4232.0,296.0,360.0,1.0,Semiurban,Y,10173.0,0.0290966283298928,0,1,Small,High,1,0.4160031455814411,30.0,822.2222222222222,0.0808239675830357,Positive Credit History,9.22759072538271,5.6937321388027
Female,No,0,Graduate,No,6000,0.0,156.0,360.0,1.0,Urban,Y,6000.0,0.026,0,1,Small,Middle,0,0.0,30.0,433.3333333333333,0.07222222222222222,Positive Credit History,8.699681400989514,5.056245805348308
Male,No,0,Graduate,Yes,7167,0.0,128.0,360.0,1.0,Urban,Y,7167.0,0.0178596344356076,0,1,Small,High,0,0.0,30.0,355.55555555555554,0.04961009565446568,Positive Credit History,8.877381954654766,4.859812404361672
Male,Yes,2,Graduate,No,4566,0.0,100.0,360.0,1.0,Urban,N,4566.0,0.0219010074463425,2,4,Medium,Middle,0,0.0,30.0,277.77777777777777,0.06083613179539592,Positive Credit History,8.426611813185,4.61512051684126
Male,No,1,Graduate,No,3667,0.0,113.0,180.0,1.0,Urban,Y,3667.0,0.0308153804199618,1,2,Small,Low,0,0.0,15.0,627.7777777777778,0.1711965578886768,Positive Credit History,8.207401833376355,4.736198448394496
Male,No,0,Not Graduate,No,2346,1600.0,132.0,360.0,1.0,Semiurban,Y,3946.0,0.0334515965534718,0,1,Small,Low,1,0.40547389761784086,30.0,366.6666666666667,0.09292110153742186,Positive Credit History,8.280711075662847,4.890349128221754
Male,Yes,0,Not Graduate,No,3010,3136.0,128.0,360.0,0.0,Urban,N,6146.0,0.0208265538561666,0,2,Small,Middle,1,0.510250569476082,30.0,355.55555555555554,0.0578515384893517,Higher Credit Risk,8.72371943690701,4.859812404361672
Male,Yes,0,Graduate,No,2333,2417.0,136.0,360.0,1.0,Urban,Y,4750.0,0.0286315789473684,0,2,Small,Middle,1,0.5088421052631579,30.0,377.77777777777777,0.07953216374269005,Positive Credit History,8.46611040118692,4.919980925828125
Male,Yes,0,Graduate,No,5488,0.0,125.0,360.0,1.0,Rural,Y,5488.0,0.0227769679300291,0,2,Small,Middle,0,0.0,30.0,347.22222222222223,0.0632693553611921,Positive Credit History,8.610501368549889,4.836281906951478
Male,No,3+,Graduate,No,9167,0.0,185.0,360.0,1.0,Rural,Y,9167.0,0.0201810843242063,3,4,Medium,High,0,0.0,30.0,513.8888888888889,0.05605856756723998,Positive Credit History,9.12347443895452,5.225746673713202
Male,Yes,3+,Graduate,No,9504,0.0,275.0,360.0,1.0,Rural,Y,9504.0,0.0289351851851851,3,5,Large,High,0,0.0,30.0,763.8888888888889,0.08037551440329219,Positive Credit History,9.15957325492253,5.62040086571715
Male,Yes,0,Graduate,No,2583,2115.0,120.0,360.0,1.0,Urban,Y,4698.0,0.0255427841634738,0,2,Small,Middle,1,0.4501915708812261,30.0,333.3333333333333,0.07095217823187172,Positive Credit History,8.455104999102815,4.795790545596741
Male,Yes,2,Not Graduate,No,1993,1625.0,113.0,180.0,1.0,Semiurban,Y,3618.0,0.031232725262576,2,4,Medium,Low,1,0.44914317302377005,15.0,627.7777777777778,0.1735151403476445,Positive Credit History,8.193953023563742,4.736198448394496
Male,Yes,2,Graduate,No,3100,1400.0,113.0,360.0,1.0,Urban,Y,4500.0,0.0251111111111111,2,4,Medium,Middle,1,0.3111111111111111,30.0,313.8888888888889,0.06975308641975309,Positive Credit History,8.412054873292933,4.736198448394496
Male,Yes,2,Graduate,No,3276,484.0,135.0,360.0,1.0,Semiurban,Y,3760.0,0.0359042553191489,2,4,Medium,Low,1,0.12872340425531914,30.0,375.0,0.09973404255319149,Positive Credit History,8.232440158470336,4.912654885736052
Female,No,0,Graduate,No,3180,0.0,71.0,360.0,0.0,Urban,N,3180.0,0.0223270440251572,0,1,Small,Low,0,0.0,30.0,197.22222222222223,0.06201956673654787,Higher Credit Risk,8.064950891749143,4.276666119016055
Male,Yes,0,Graduate,No,3033,1459.0,95.0,360.0,1.0,Urban,Y,4492.0,0.0211487088156723,0,2,Small,Middle,1,0.32479964381121995,30.0,263.8888888888889,0.05874641337686752,Positive Credit History,8.41027590907016,4.564348191467836
Male,No,0,Not Graduate,No,3902,1666.0,109.0,360.0,1.0,Rural,Y,5568.0,0.0195761494252873,0,1,Small,Middle,1,0.29920977011494254,30.0,302.77777777777777,0.05437819284802043,Positive Credit History,8.624970783589669,4.700480365792417
Female,No,0,Graduate,No,1500,1800.0,103.0,360.0,0.0,Semiurban,N,3300.0,0.0312121212121212,0,1,Small,Low,1,0.5454545454545454,30.0,286.1111111111111,0.0867003367003367,Higher Credit Risk,8.101980731853192,4.6443908991413725
Male,Yes,2,Not Graduate,No,2889,0.0,45.0,180.0,0.0,Urban,N,2889.0,0.0155763239875389,2,4,Medium,Low,0,0.0,15.0,250.0,0.08653513326410522,Higher Credit Risk,7.969011781106478,3.828641396489095
Male,No,0,Not Graduate,No,2755,0.0,65.0,300.0,1.0,Rural,N,2755.0,0.0235934664246823,0,1,Small,Low,0,0.0,25.0,216.66666666666666,0.07864488808227466,Positive Credit History,7.9215356321335495,4.189654742026425
Male,No,0,Graduate,No,2500,20000.0,103.0,360.0,1.0,Semiurban,Y,22500.0,0.0045777777777777,0,1,Small,Very High,1,0.8888888888888888,30.0,286.1111111111111,0.012716049382716048,Positive Credit History,10.021315031649332,4.6443908991413725
Female,No,0,Not Graduate,No,1963,0.0,53.0,360.0,1.0,Semiurban,Y,1963.0,0.0269994905756495,0,1,Small,Low,0,0.0,30.0,147.22222222222223,0.07499858493235977,Positive Credit History,7.582738488914411,3.9889840465642745
Female,No,0,Graduate,Yes,7441,0.0,194.0,360.0,1.0,Rural,N,7441.0,0.0260717645477758,0,1,Small,High,0,0.0,30.0,538.8888888888889,0.07242156818826621,Positive Credit History,8.914894908906568,5.272999558563747
Female,No,0,Graduate,No,4547,0.0,115.0,360.0,1.0,Semiurban,Y,4547.0,0.0252914009236859,0,1,Small,Middle,0,0.0,30.0,319.44444444444446,0.07025389145468319,Positive Credit History,8.422442854870427,4.7535901911063645
Male,Yes,0,Not Graduate,No,2167,2400.0,115.0,360.0,1.0,Urban,Y,4567.0,0.0251806437486314,0,2,Small,Middle,1,0.5255090869279615,30.0,319.44444444444446,0.06994623263508747,Positive Credit History,8.426830751335846,4.7535901911063645
Female,No,0,Not Graduate,No,2213,0.0,66.0,360.0,1.0,Rural,Y,2213.0,0.0298237686398554,0,1,Small,Low,0,0.0,30.0,183.33333333333334,0.08284380177737612,Positive Credit History,7.7025561132685825,4.204692619390966
Male,Yes,1,Graduate,No,8300,0.0,152.0,300.0,0.0,Semiurban,N,8300.0,0.0183132530120481,1,3,Medium,High,0,0.0,25.0,506.6666666666667,0.06104417670682731,Higher Credit Risk,9.024131268455035,5.030437921392435
Male,Yes,3+,Graduate,No,81000,0.0,360.0,360.0,0.0,Rural,N,81000.0,0.0044444444444444,3,5,Large,Very High,0,0.0,30.0,1000.0,0.012345679012345678,Higher Credit Risk,11.302216779257382,5.8888779583328805
Female,No,1,Not Graduate,Yes,3867,0.0,62.0,360.0,1.0,Semiurban,N,3867.0,0.0160331005947763,1,2,Small,Low,0,0.0,30.0,172.22222222222223,0.044536390541045315,Positive Credit History,8.260492856573185,4.143134726391533
Male,Yes,0,Graduate,No,6256,0.0,160.0,360.0,1.0,Urban,Y,6256.0,0.0255754475703324,0,2,Small,Middle,0,0.0,30.0,444.44444444444446,0.07104290991759023,Positive Credit History,8.741456115998364,5.081404364984463
Male,Yes,0,Not Graduate,No,6096,0.0,218.0,360.0,0.0,Rural,N,6096.0,0.035761154855643,0,2,Small,Middle,0,0.0,30.0,605.5555555555555,0.09933654126567512,Higher Credit Risk,8.715552125907816,5.389071729816501
Male,Yes,0,Not Graduate,No,2253,2033.0,110.0,360.0,1.0,Rural,Y,4286.0,0.025664955669622,0,2,Small,Middle,1,0.474335044330378,30.0,305.55555555555554,0.07129154352672784,Positive Credit History,8.363342466597977,4.709530201312334
Female,Yes,0,Not Graduate,No,2149,3237.0,178.0,360.0,0.0,Semiurban,N,5386.0,0.0330486446342369,0,2,Small,Middle,1,0.6010025993316005,30.0,494.44444444444446,0.09180179065065809,Higher Credit Risk,8.591743922680534,5.187385805840755
Female,No,0,Graduate,No,2995,0.0,60.0,360.0,1.0,Urban,Y,2995.0,0.020033388981636,0,1,Small,Low,0,0.0,30.0,166.66666666666666,0.05564830272676683,Positive Credit History,8.005033344637111,4.110873864173311
Female,No,1,Graduate,No,2600,0.0,160.0,360.0,1.0,Urban,N,2600.0,0.0615384615384615,1,2,Small,Low,0,0.0,30.0,444.44444444444446,0.17094017094017094,Positive Credit History,7.8636512654486515,5.081404364984463
Male,Yes,2,Graduate,Yes,1600,20000.0,239.0,360.0,1.0,Urban,N,21600.0,0.0110648148148148,2,4,Medium,Very High,1,0.9259259259259259,30.0,663.8888888888889,0.030735596707818932,Positive Credit History,9.980494888896912,5.480638923341991
Male,Yes,0,Graduate,No,1025,2773.0,112.0,360.0,1.0,Rural,Y,3798.0,0.029489204844655,0,2,Small,Low,1,0.7301211163770406,30.0,311.1111111111111,0.08191445790181967,Positive Credit History,8.242493153187626,4.727387818712341
Male,Yes,0,Graduate,No,3246,1417.0,138.0,360.0,1.0,Semiurban,Y,4663.0,0.0295946815354921,0,2,Small,Middle,1,0.30388162127385804,30.0,383.3333333333333,0.08220744870970048,Positive Credit History,8.447628728030327,4.9344739331306915
Male,Yes,0,Graduate,No,5829,0.0,138.0,360.0,1.0,Rural,Y,5829.0,0.0236747297992794,0,2,Small,Middle,0,0.0,30.0,383.3333333333333,0.06576313833133185,Positive Credit History,8.670772279344538,4.9344739331306915
Female,No,0,Not Graduate,No,2720,0.0,80.0,360.0,0.0,Urban,N,2720.0,0.0294117647058823,0,1,Small,Low,0,0.0,30.0,222.22222222222223,0.08169934640522876,Higher Credit Risk,7.908754738783246,4.394449154672439
Male,Yes,0,Graduate,No,1820,1719.0,100.0,360.0,1.0,Urban,Y,3539.0,0.0282565696524441,0,2,Small,Low,1,0.48573043232551566,30.0,277.77777777777777,0.07849047125678943,Positive Credit History,8.17188200612782,4.61512051684126
Male,Yes,1,Graduate,No,7250,1667.0,110.0,360.0,0.0,Urban,N,8917.0,0.0123359874397218,1,3,Medium,High,1,0.18694628238196703,30.0,305.55555555555554,0.03426663177700522,Higher Credit Risk,9.095826985187422,4.709530201312334
Male,Yes,0,Graduate,No,14880,0.0,96.0,360.0,1.0,Semiurban,Y,14880.0,0.0064516129032258,0,2,Small,Very High,0,0.0,30.0,266.6666666666667,0.01792114695340502,Positive Credit History,9.60784051043005,4.574710978503383
Male,Yes,0,Graduate,No,2666,4300.0,121.0,360.0,1.0,Rural,Y,6966.0,0.0173700832615561,0,2,Small,Middle,1,0.6172839506172839,30.0,336.1111111111111,0.048250231282100355,Positive Credit History,8.848939995030118,4.804021044733257
Female,No,1,Not Graduate,No,4606,0.0,81.0,360.0,1.0,Rural,N,4606.0,0.0175857577073382,1,2,Small,Middle,0,0.0,30.0,225.0,0.048849326964828486,Positive Credit History,8.435332164935916,4.406719247264253
Male,Yes,2,Graduate,No,5935,0.0,133.0,360.0,1.0,Semiurban,Y,5935.0,0.0224094355518112,2,4,Medium,Middle,0,0.0,30.0,369.44444444444446,0.0622484320883647,Positive Credit History,8.688790784847216,4.897839799950911
Male,Yes,0,Graduate,No,2920,16.12000084,87.0,360.0,1.0,Rural,Y,2936.12000084,0.0296309415061748,0,2,Small,Low,1,0.005490239103098034,30.0,241.66666666666666,0.0823081708504856,Positive Credit History,7.9851847886683345,4.477336814478207
Male,No,0,Not Graduate,No,2717,0.0,60.0,180.0,1.0,Urban,Y,2717.0,0.0220831799779168,0,1,Small,Low,0,0.0,15.0,333.3333333333333,0.12268433321064899,Positive Credit History,7.907651594711089,4.110873864173311
Female,No,1,Graduate,Yes,8624,0.0,150.0,360.0,1.0,Semiurban,Y,8624.0,0.0173933209647495,1,2,Small,High,0,0.0,30.0,416.6666666666667,0.0483147804576376,Positive Credit History,9.062420241899561,5.017279836814924
Male,No,0,Graduate,No,6500,0.0,105.0,360.0,0.0,Rural,N,6500.0,0.0161538461538461,0,1,Small,Middle,0,0.0,30.0,291.6666666666667,0.04487179487179487,Higher Credit Risk,8.77971129020447,4.663439094112067
Male,No,0,Graduate,No,12876,0.0,405.0,360.0,1.0,Semiurban,Y,12876.0,0.0314538676607642,0,1,Small,Very High,0,0.0,30.0,1125.0,0.08737185461323392,Positive Credit History,9.463198053273784,6.0063531596017325
Male,Yes,0,Graduate,No,2425,2340.0,143.0,360.0,1.0,Semiurban,Y,4765.0,0.0300104931794333,0,2,Small,Middle,1,0.4910807974816369,30.0,397.22222222222223,0.08336248105398159,Positive Credit History,8.469262657658687,4.969813299576001
Male,No,0,Graduate,No,3750,0.0,100.0,360.0,1.0,Urban,Y,3750.0,0.0266666666666666,0,1,Small,Low,0,0.0,30.0,277.77777777777777,0.07407407407407407,Positive Credit History,8.229777750081887,4.61512051684126
Female,Yes,0,Graduate,No,10047,0.0,128.0,240.0,1.0,Semiurban,Y,10047.0,0.0127401214292823,0,2,Small,High,0,0.0,20.0,533.3333333333334,0.053083839288676556,Positive Credit History,9.21512888870798,4.859812404361672
Male,No,0,Graduate,No,1926,1851.0,50.0,360.0,1.0,Semiurban,Y,3777.0,0.0132380195922689,0,1,Small,Low,1,0.49007148530579825,30.0,138.88888888888889,0.03677227664519166,Positive Credit History,8.236950048061455,3.9318256327243257
Male,Yes,0,Graduate,No,2213,1125.0,128.0,360.0,1.0,Urban,Y,3338.0,0.0383463151587777,0,2,Small,Low,1,0.33702816057519475,30.0,355.55555555555554,0.10651754210771586,Positive Credit History,8.113426639943654,4.859812404361672
Male,No,0,Graduate,Yes,10416,0.0,187.0,360.0,0.0,Urban,N,10416.0,0.0179531490015361,0,1,Small,High,0,0.0,30.0,519.4444444444445,0.04986985833760028,Higher Credit Risk,9.251194365984448,5.236441962829949
Female,Yes,0,Not Graduate,Yes,7142,0.0,138.0,360.0,1.0,Rural,Y,7142.0,0.0193223186782413,0,2,Small,High,0,0.0,30.0,383.3333333333333,0.053673107439559414,Positive Credit History,8.873888135154973,4.9344739331306915
Male,No,0,Graduate,No,3660,5064.0,187.0,360.0,1.0,Semiurban,Y,8724.0,0.0214351215038972,0,1,Small,High,1,0.5804676753782668,30.0,519.4444444444445,0.05954200417749249,Positive Credit History,9.073947747070628,5.236441962829949
Male,Yes,0,Graduate,No,7901,1833.0,180.0,360.0,1.0,Rural,Y,9734.0,0.0184918841175261,0,2,Small,High,1,0.18830901993014176,30.0,500.0,0.051366344770906104,Positive Credit History,9.1834829178063,5.198497031265826
Male,No,3+,Not Graduate,No,4707,1993.0,148.0,360.0,1.0,Semiurban,Y,6700.0,0.0220895522388059,3,4,Medium,Middle,1,0.2974626865671642,30.0,411.1111111111111,0.06135986733001658,Positive Credit History,8.81001204797317,5.003946305945459
Male,No,1,Graduate,No,37719,0.0,152.0,360.0,1.0,Semiurban,Y,37719.0,0.0040297993053898,1,2,Small,Very High,0,0.0,30.0,422.22222222222223,0.011193886959416269,Positive Credit History,10.537945736747394,5.030437921392435
Male,Yes,0,Graduate,No,7333,8333.0,175.0,300.0,1.0,Rural,Y,15666.0,0.0111706881143878,0,2,Small,Very High,1,0.5319162517553938,25.0,583.3333333333334,0.03723562704795949,Positive Credit History,9.659311868393488,5.170483995038151
Male,Yes,1,Graduate,Yes,3466,1210.0,130.0,360.0,1.0,Rural,Y,4676.0,0.0278015397775876,1,3,Medium,Middle,1,0.25876817792985457,30.0,361.1111111111111,0.077226499382188,Positive Credit History,8.450412157725886,4.875197323201151
Male,Yes,2,Not Graduate,No,4652,0.0,110.0,360.0,1.0,Rural,Y,4652.0,0.023645743766122,2,4,Medium,Middle,0,0.0,30.0,305.55555555555554,0.06568262157256138,Positive Credit History,8.445267451844648,4.709530201312334
Male,Yes,0,Graduate,No,3539,1376.0,55.0,360.0,1.0,Rural,N,4915.0,0.0111902339776195,0,2,Small,Middle,1,0.27995930824008136,30.0,152.77777777777777,0.031083983271165367,Positive Credit History,8.500250470685925,4.02535169073515
Male,Yes,2,Graduate,No,3340,1710.0,150.0,360.0,0.0,Rural,N,5050.0,0.0297029702970297,2,4,Medium,Middle,1,0.33861386138613864,30.0,416.6666666666667,0.08250825082508251,Higher Credit Risk,8.527341522468053,5.017279836814924
Male,No,1,Not Graduate,Yes,2769,1542.0,190.0,360.0,1.0,Semiurban,N,4311.0,0.0440733008582695,1,2,Small,Middle,1,0.35768963117606123,30.0,527.7777777777778,0.12242583571741542,Positive Credit History,8.369157112588834,5.25227342804663
Male,Yes,2,Not Graduate,No,2309,1255.0,125.0,360.0,0.0,Rural,N,3564.0,0.0350729517396184,2,4,Medium,Low,1,0.3521324354657688,30.0,347.22222222222223,0.09742486594338447,Higher Credit Risk,8.178919332848396,4.836281906951478
Male,Yes,2,Not Graduate,No,1958,1456.0,60.0,300.0,1.0,Urban,Y,3414.0,0.0175746924428822,2,4,Medium,Low,1,0.42647920328060923,25.0,200.0,0.05858230814294083,Positive Credit History,8.13593277200489,4.110873864173311
Male,Yes,0,Graduate,No,3948,1733.0,149.0,360.0,0.0,Rural,N,5681.0,0.0262277767998591,0,2,Small,Middle,1,0.3050519274775568,30.0,413.8888888888889,0.0728549355551644,Higher Credit Risk,8.645058562414134,5.0106352940962555
Male,Yes,0,Graduate,No,2483,2466.0,90.0,180.0,0.0,Rural,Y,4949.0,0.0181854920185896,0,2,Small,Middle,1,0.49828248130935543,15.0,500.0,0.10103051121438675,Higher Credit Risk,8.507142855562735,4.51085950651685
Male,No,0,Graduate,Yes,7085,0.0,84.0,360.0,1.0,Semiurban,Y,7085.0,0.0118560338743824,0,1,Small,High,0,0.0,30.0,233.33333333333334,0.03293342742884028,Positive Credit History,8.865876285425417,4.442651256490317
Male,Yes,2,Graduate,No,3859,0.0,96.0,360.0,1.0,Semiurban,Y,3859.0,0.0248769111168696,2,4,Medium,Low,0,0.0,30.0,266.6666666666667,0.0691025308801935,Positive Credit History,8.258422462458876,4.574710978503383
Male,Yes,0,Graduate,No,4301,0.0,118.0,360.0,1.0,Urban,Y,4301.0,0.0274354801209021,0,2,Small,Middle,0,0.0,30.0,327.77777777777777,0.07620966700250588,Positive Credit History,8.366835309827675,4.77912349311153
Male,Yes,0,Graduate,No,3708,2569.0,173.0,360.0,1.0,Urban,N,6277.0,0.027560936753226,0,2,Small,Middle,1,0.40927194519675003,30.0,480.55555555555554,0.07655815764785018,Positive Credit History,8.744806737401898,5.159055299214529
Male,No,2,Graduate,No,4354,0.0,136.0,360.0,1.0,Rural,Y,4354.0,0.0312356453835553,2,3,Medium,Middle,0,0.0,30.0,377.77777777777777,0.08676568162098709,Positive Credit History,8.379079889286603,4.919980925828125
Male,Yes,0,Graduate,No,8334,0.0,160.0,360.0,1.0,Semiurban,N,8334.0,0.0191984641228701,0,2,Small,High,0,0.0,30.0,444.44444444444446,0.0533290670079727,Positive Credit History,9.028218795184895,5.081404364984463
Male,Yes,0,Graduate,Yes,2083,4083.0,160.0,360.0,1.0,Semiurban,Y,6166.0,0.0259487512163477,0,2,Small,Middle,1,0.6621796951021732,30.0,444.44444444444446,0.07207986448985476,Positive Credit History,8.726967774991493,5.081404364984463
Male,Yes,3+,Graduate,No,7740,0.0,128.0,180.0,1.0,Urban,Y,7740.0,0.0165374677002583,3,5,Large,High,0,0.0,15.0,711.1111111111111,0.0918748205569911,Positive Credit History,8.954286157204713,4.859812404361672
Male,Yes,0,Graduate,No,3015,2188.0,153.0,360.0,1.0,Rural,Y,5203.0,0.0294061118585431,0,2,Small,Middle,1,0.4205266192581203,30.0,425.0,0.08168364405150874,Positive Credit History,8.557182839632397,5.0369526024136295
Female,No,1,Not Graduate,No,5191,0.0,132.0,360.0,1.0,Semiurban,Y,5191.0,0.0254286264688884,1,2,Small,Middle,0,0.0,30.0,366.6666666666667,0.07063507352469017,Positive Credit History,8.554874258383926,4.890349128221754
Male,No,0,Graduate,No,4166,0.0,98.0,360.0,0.0,Semiurban,N,4166.0,0.0235237638022083,0,1,Small,Middle,0,0.0,30.0,272.22222222222223,0.06534378833946765,Higher Credit Risk,8.334951631422454,4.59511985013459
Male,No,0,Graduate,No,6000,0.0,140.0,360.0,1.0,Rural,Y,6000.0,0.0233333333333333,0,1,Small,Middle,0,0.0,30.0,388.8888888888889,0.06481481481481483,Positive Credit History,8.699681400989514,4.948759890378168
Male,Yes,3+,Not Graduate,No,2947,1664.0,70.0,180.0,0.0,Urban,N,4611.0,0.0151810887009325,3,5,Large,Middle,1,0.36087616569073955,15.0,388.8888888888889,0.08433938167184751,Higher Credit Risk,8.436416881388949,4.2626798770413155
Male,Yes,0,Graduate,No,16692,0.0,110.0,360.0,1.0,Semiurban,Y,16692.0,0.0065899832254972,0,2,Small,Very High,0,0.0,30.0,305.55555555555554,0.018305508959714566,Positive Credit History,9.722744748855389,4.709530201312334
Female,Yes,2,Not Graduate,No,210,2917.0,98.0,360.0,1.0,Semiurban,Y,3127.0,0.0313399424368404,2,4,Medium,Low,1,0.9328429804924848,30.0,272.22222222222223,0.08705539565789007,Positive Credit History,8.048149101665201,4.59511985013459
Male,Yes,0,Graduate,No,4333,2451.0,110.0,360.0,1.0,Urban,N,6784.0,0.0162146226415094,0,2,Small,Middle,1,0.36129127358490565,30.0,305.55555555555554,0.04504061844863731,Positive Credit History,8.82246957226897,4.709530201312334
Male,Yes,1,Graduate,Yes,3450,2079.0,162.0,360.0,1.0,Semiurban,Y,5529.0,0.0293000542593597,1,3,Medium,Middle,1,0.3760173629951167,30.0,450.0,0.08138903960933261,Positive Credit History,8.61794309451638,5.093750200806762
Male,Yes,1,Not Graduate,No,2653,1500.0,113.0,180.0,0.0,Rural,N,4153.0,0.0272092463279556,1,3,Medium,Middle,1,0.3611846857693234,15.0,627.7777777777778,0.15116247959975387,Higher Credit Risk,8.331827004436057,4.736198448394496
Male,Yes,3+,Graduate,No,4691,0.0,100.0,360.0,1.0,Semiurban,Y,4691.0,0.0213174163291409,3,5,Large,Middle,0,0.0,30.0,277.77777777777777,0.059215045358724745,Positive Credit History,8.453614209773367,4.61512051684126
Female,No,0,Graduate,Yes,2500,0.0,93.0,360.0,1.0,Urban,Y,2500.0,0.0372,0,1,Small,Low,0,0.0,30.0,258.3333333333333,0.10333333333333333,Positive Credit History,7.824445930877619,4.543294782270004
Male,No,2,Graduate,No,5532,4648.0,162.0,360.0,1.0,Rural,Y,10180.0,0.0159135559921414,2,3,Medium,High,1,0.45658153241650296,30.0,450.0,0.04420432220039293,Positive Credit History,9.228278517107196,5.093750200806762
Male,Yes,2,Graduate,Yes,16525,1014.0,150.0,360.0,1.0,Rural,Y,17539.0,0.0085523690062147,2,4,Medium,Very High,1,0.05781401448201152,30.0,416.6666666666667,0.02375658057281867,Positive Credit History,9.772239265926174,5.017279836814924
Male,Yes,2,Graduate,No,6700,1750.0,230.0,300.0,1.0,Semiurban,Y,8450.0,0.0272189349112426,2,4,Medium,High,1,0.20710059171597633,25.0,766.6666666666666,0.09072978303747534,Positive Credit History,9.042040056544483,5.442417710521793
Male,Yes,2,Graduate,No,2873,1872.0,132.0,360.0,0.0,Semiurban,N,4745.0,0.0278187565858798,2,4,Medium,Middle,1,0.39452054794520547,30.0,366.6666666666667,0.07727432384966632,Higher Credit Risk,8.465057436995709,4.890349128221754
Male,Yes,1,Graduate,Yes,16667,2250.0,86.0,360.0,1.0,Semiurban,Y,18917.0,0.0045461753977903,1,3,Medium,Very High,1,0.1189406354073056,30.0,238.88888888888889,0.012628264993862076,Positive Credit History,9.847869128773116,4.465908118654584
Male,Yes,2,Graduate,No,2947,1603.0,128.0,360.0,1.0,Urban,N,4550.0,0.0281318681318681,2,4,Medium,Middle,1,0.3523076923076923,30.0,355.55555555555554,0.07814407814407814,Positive Credit History,8.423102268016642,4.859812404361672
Female,No,0,Not Graduate,No,4350,0.0,154.0,360.0,1.0,Rural,Y,4350.0,0.0354022988505747,0,1,Small,Middle,0,0.0,30.0,427.77777777777777,0.0983397190293742,Positive Credit History,8.37816098272068,5.043425116919247
Male,Yes,3+,Not Graduate,No,3095,0.0,113.0,360.0,1.0,Rural,Y,3095.0,0.0365105008077544,3,5,Large,Low,0,0.0,30.0,313.8888888888889,0.10141805779931791,Positive Credit History,8.037866234709618,4.736198448394496
Male,Yes,0,Graduate,No,2083,3150.0,128.0,360.0,1.0,Semiurban,Y,5233.0,0.0244601566978788,0,2,Small,Middle,1,0.6019491687368622,30.0,355.55555555555554,0.06794487971633012,Positive Credit History,8.562931083090092,4.859812404361672
Male,Yes,0,Graduate,No,10833,0.0,234.0,360.0,1.0,Semiurban,Y,10833.0,0.0216006646358349,0,2,Small,High,0,0.0,30.0,650.0,0.06000184621065264,Positive Credit History,9.290444616217844,5.459585514144159
Male,Yes,2,Graduate,No,8333,0.0,246.0,360.0,1.0,Semiurban,Y,8333.0,0.0295211808472338,2,4,Medium,High,0,0.0,30.0,683.3333333333334,0.08200328013120525,Positive Credit History,9.0280988119824,5.5093883366279774
Male,Yes,1,Not Graduate,No,1958,2436.0,131.0,360.0,1.0,Rural,Y,4394.0,0.0298133818843878,1,3,Medium,Middle,1,0.5543923532089212,30.0,363.8888888888889,0.08281494967885501,Positive Credit History,8.388222810119277,4.882801922586371
Male,No,2,Graduate,No,3547,0.0,80.0,360.0,0.0,Rural,N,3547.0,0.0225542712151113,2,3,Medium,Low,0,0.0,30.0,222.22222222222223,0.06265075337530934,Higher Credit Risk,8.17413934342947,4.394449154672439
Male,Yes,1,Graduate,No,18333,0.0,500.0,360.0,1.0,Urban,N,18333.0,0.0272732231495118,1,3,Medium,Very High,0,0.0,30.0,1388.888888888889,0.07575895319308835,Positive Credit History,9.816512538521721,6.2166061010848646
Male,Yes,2,Graduate,Yes,4583,2083.0,160.0,360.0,1.0,Semiurban,Y,6666.0,0.024002400240024,2,4,Medium,Middle,1,0.3124812481248125,30.0,444.44444444444446,0.06667333400006667,Positive Credit History,8.80492526261806,5.081404364984463
Male,No,0,Graduate,No,2435,0.0,75.0,360.0,1.0,Urban,N,2435.0,0.0308008213552361,0,1,Small,Low,0,0.0,30.0,208.33333333333334,0.08555783709787818,Positive Credit History,7.798112628829788,4.330733340286331
Male,No,0,Not Graduate,No,2699,2785.0,96.0,360.0,1.0,Semiurban,Y,5484.0,0.0175054704595186,0,1,Small,Middle,1,0.5078409919766593,30.0,266.6666666666667,0.04862630683199611,Positive Credit History,8.609772372709331,4.574710978503383
Male,Yes,1,Not Graduate,No,5333,1131.0,186.0,360.0,1.0,Urban,Y,6464.0,0.0287747524752475,1,3,Medium,Middle,1,0.1749690594059406,30.0,516.6666666666666,0.07992986798679867,Positive Credit History,8.774158291205957,5.231108616854587
Male,No,0,Not Graduate,No,3691,0.0,110.0,360.0,1.0,Rural,Y,3691.0,0.0298022216201571,0,1,Small,Low,0,0.0,30.0,305.55555555555554,0.08278394894488093,Positive Credit History,8.213923595622743,4.709530201312334
Female,No,0,Not Graduate,Yes,17263,0.0,225.0,360.0,1.0,Semiurban,Y,17263.0,0.0130336557956322,0,1,Small,Very High,0,0.0,30.0,625.0,0.03620459943231188,Positive Credit History,9.756378687497916,5.420534999272286
Male,Yes,0,Graduate,No,3597,2157.0,119.0,360.0,0.0,Rural,N,5754.0,0.0206812652068126,0,2,Small,Middle,1,0.3748696558915537,30.0,330.55555555555554,0.05744795890781292,Higher Credit Risk,8.657824321155983,4.787491742782046
Female,Yes,1,Graduate,No,3326,913.0,105.0,84.0,1.0,Semiurban,Y,4239.0,0.0247699929228591,1,3,Medium,Middle,1,0.21538098608162304,7.0,1250.0,0.2948808681292758,Positive Credit History,8.352318548226004,4.663439094112067
Male,Yes,0,Not Graduate,No,2600,1700.0,107.0,360.0,1.0,Rural,Y,4300.0,0.0248837209302325,0,2,Small,Middle,1,0.3953488372093023,30.0,297.22222222222223,0.06912144702842378,Positive Credit History,8.366602832783736,4.68213122712422
Male,Yes,0,Graduate,No,4625,2857.0,111.0,12.0,1.0,Urban,Y,7482.0,0.0148356054530874,0,2,Small,High,1,0.38184977278802457,1.0,9250.0,1.2363004544239509,Positive Credit History,8.920389060080359,4.718498871295094
Male,Yes,1,Graduate,Yes,2895,0.0,95.0,360.0,1.0,Semiurban,Y,2895.0,0.0328151986183074,1,3,Medium,Low,0,0.0,30.0,263.8888888888889,0.09115332949529842,Positive Credit History,7.971085753505607,4.564348191467836
Male,No,0,Graduate,No,6283,4416.0,209.0,360.0,0.0,Rural,N,10699.0,0.0195345359379381,0,1,Small,High,1,0.41274885503318065,30.0,580.5555555555555,0.0542625998276059,Higher Credit Risk,9.277999020449997,5.3471075307174685
Female,No,0,Graduate,No,645,3683.0,113.0,480.0,1.0,Rural,Y,4328.0,0.0261090573012939,0,1,Small,Middle,1,0.8509704251386322,40.0,235.41666666666666,0.05439386937769562,Positive Credit History,8.37309184744198,4.736198448394496
Female,No,0,Graduate,No,3159,0.0,100.0,360.0,1.0,Semiurban,Y,3159.0,0.0316555872111427,0,1,Small,Low,0,0.0,30.0,277.77777777777777,0.08793218669761879,Positive Credit History,8.058327306580958,4.61512051684126
Male,Yes,2,Graduate,No,4865,5624.0,208.0,360.0,1.0,Semiurban,Y,10489.0,0.0198302984078558,2,4,Medium,High,1,0.5361807607970255,30.0,577.7777777777778,0.05508416224404403,Positive Credit History,9.258177701390343,5.342334251964811
Male,Yes,1,Not Graduate,No,4050,5302.0,138.0,360.0,1.0,Rural,N,9352.0,0.0147562018819503,1,3,Medium,High,1,0.5669375534644996,30.0,383.3333333333333,0.0409894496720844,Positive Credit History,9.143452426434552,4.9344739331306915
Male,Yes,0,Not Graduate,No,3814,1483.0,124.0,300.0,1.0,Semiurban,Y,5297.0,0.0234094770624882,0,2,Small,Middle,1,0.27996979422314516,25.0,413.3333333333333,0.078031590208294,Positive Credit History,8.575084669832014,4.8283137373023015
Male,Yes,2,Graduate,No,3510,4416.0,243.0,360.0,1.0,Rural,Y,7926.0,0.0306585919757759,2,4,Medium,High,1,0.5571536714610144,30.0,675.0,0.08516275548826646,Positive Credit History,8.978029932837156,5.497168225293202
Male,Yes,0,Graduate,No,20833,6667.0,480.0,360.0,1.0,Urban,Y,27500.0,0.0174545454545454,0,2,Small,Very High,1,0.24243636363636364,30.0,1333.3333333333333,0.048484848484848485,Positive Credit History,10.221977646629885,6.175867270105761
Male,No,0,Graduate,No,3583,0.0,96.0,360.0,1.0,Urban,N,3583.0,0.026793190064192,0,1,Small,Low,0,0.0,30.0,266.6666666666667,0.07442552795608895,Positive Credit History,8.18423477409482,4.574710978503383
Male,Yes,0,Graduate,Yes,2479,3013.0,188.0,360.0,1.0,Urban,Y,5492.0,0.0342316096139839,0,2,Small,Middle,1,0.5486161689730518,30.0,522.2222222222222,0.09508780448328881,Positive Credit History,8.61122983334262,5.241747015059643
Female,No,1,Graduate,No,13262,0.0,40.0,360.0,1.0,Urban,Y,13262.0,0.003016136329362,1,2,Small,Very High,0,0.0,30.0,111.11111111111111,0.008378156470450242,Positive Credit History,9.492733482494353,3.713572066704308
Male,No,0,Not Graduate,No,3598,1287.0,100.0,360.0,1.0,Rural,N,4885.0,0.0204708290685772,0,1,Small,Middle,1,0.2634595701125896,30.0,277.77777777777777,0.05686341407938132,Positive Credit History,8.494129251817686,4.61512051684126
Male,Yes,1,Graduate,No,6065,2004.0,250.0,360.0,1.0,Semiurban,Y,8069.0,0.0309827735778906,1,3,Medium,High,1,0.2483579130003718,30.0,694.4444444444445,0.08606325993858525,Positive Credit History,8.995908761263994,5.5254529391317835
Male,Yes,2,Graduate,No,3283,2035.0,148.0,360.0,1.0,Urban,Y,5318.0,0.027830011282437,2,4,Medium,Middle,1,0.38266265513350883,30.0,411.1111111111111,0.07730558689565835,Positive Credit History,8.579040594742317,5.003946305945459
Male,Yes,0,Graduate,No,2130,6666.0,70.0,180.0,1.0,Semiurban,N,8796.0,0.0079581628012733,0,2,Small,High,1,0.7578444747612552,15.0,388.8888888888889,0.04421201556262948,Positive Credit History,9.082166033252674,4.2626798770413155
Male,No,0,Graduate,No,5815,3666.0,311.0,360.0,1.0,Rural,N,9481.0,0.0328024469992616,0,1,Small,High,1,0.3866680729880814,30.0,863.8888888888889,0.09111790833128246,Positive Credit History,9.157150543462064,5.7430031878094825
Male,Yes,3+,Graduate,No,3466,3428.0,150.0,360.0,1.0,Rural,Y,6894.0,0.0217580504786771,3,5,Large,Middle,1,0.4972439802727009,30.0,416.6666666666667,0.06043902910743642,Positive Credit History,8.838551790227402,5.017279836814924
Female,Yes,2,Graduate,No,2031,1632.0,113.0,480.0,1.0,Semiurban,Y,3663.0,0.0308490308490308,2,4,Medium,Low,1,0.44553644553644556,40.0,235.41666666666666,0.06426881426881427,Positive Credit History,8.20631072579402,4.736198448394496
Male,Yes,0,Not Graduate,No,3074,1800.0,123.0,360.0,0.0,Semiurban,N,4874.0,0.025235945835043,0,2,Small,Middle,1,0.3693065244152647,30.0,341.6666666666667,0.07009984954178636,Higher Credit Risk,8.491875383431948,4.820281565605037
Male,No,0,Graduate,No,4683,1915.0,185.0,360.0,1.0,Semiurban,N,6598.0,0.0280387996362534,0,1,Small,Middle,1,0.29023946650500154,30.0,513.8888888888889,0.07788555454514837,Positive Credit History,8.794673401383422,5.225746673713202
Female,No,0,Not Graduate,No,3400,0.0,95.0,360.0,1.0,Rural,N,3400.0,0.0279411764705882,0,1,Small,Low,0,0.0,30.0,263.8888888888889,0.07761437908496732,Positive Credit History,8.131824785007195,4.564348191467836
Male,Yes,2,Not Graduate,No,2192,1742.0,45.0,360.0,1.0,Semiurban,Y,3934.0,0.0114387391967463,2,4,Medium,Low,1,0.4428063040162684,30.0,125.0,0.03177427554651754,Positive Credit History,8.277666160851503,3.828641396489095
Male,No,0,Graduate,No,2500,0.0,55.0,360.0,1.0,Semiurban,Y,2500.0,0.022,0,1,Small,Low,0,0.0,30.0,152.77777777777777,0.06111111111111111,Positive Credit History,7.824445930877619,4.02535169073515
Male,Yes,3+,Graduate,Yes,5677,1424.0,100.0,360.0,1.0,Rural,Y,7101.0,0.014082523588227,3,5,Large,High,1,0.20053513589635263,30.0,277.77777777777777,0.03911812107840836,Positive Credit History,8.868131713503033,4.61512051684126
Male,Yes,2,Graduate,Yes,7948,7166.0,480.0,360.0,1.0,Rural,Y,15114.0,0.0317586343787217,2,4,Medium,Very High,1,0.47412994574566625,30.0,1333.3333333333333,0.08821842882978254,Positive Credit History,9.623442907213558,6.175867270105761
Male,No,0,Graduate,No,4680,2087.0,128.0,360.0,1.0,Semiurban,N,6767.0,0.0189153243682577,0,1,Small,Middle,1,0.30840845278557705,30.0,355.55555555555554,0.05254256768960478,Positive Credit History,8.81996090128606,4.859812404361672
Male,Yes,2,Graduate,Yes,17500,0.0,400.0,360.0,1.0,Rural,Y,17500.0,0.0228571428571428,2,4,Medium,Very High,0,0.0,30.0,1111.111111111111,0.06349206349206349,Positive Credit History,9.770013301136158,5.993961427306569
Male,Yes,0,Graduate,No,3775,0.0,110.0,360.0,1.0,Semiurban,Y,3775.0,0.0291390728476821,0,2,Small,Low,0,0.0,30.0,305.55555555555554,0.08094186902133922,Positive Credit History,8.236420527265391,4.709530201312334
Male,Yes,1,Not Graduate,No,5285,1430.0,161.0,360.0,0.0,Semiurban,Y,6715.0,0.02397617274758,1,3,Medium,Middle,1,0.21295606850335072,30.0,447.22222222222223,0.06660047985438901,Higher Credit Risk,8.812248018197431,5.087596335232384
Male,No,1,Not Graduate,No,2679,1302.0,94.0,360.0,1.0,Semiurban,Y,3981.0,0.0236121577493092,1,2,Small,Low,1,0.32705350414468726,30.0,261.1111111111111,0.06558932708141449,Positive Credit History,8.289539484624141,4.553876891600541
Male,No,0,Not Graduate,No,6783,0.0,130.0,360.0,1.0,Semiurban,Y,6783.0,0.0191655609612265,0,1,Small,Middle,0,0.0,30.0,361.1111111111111,0.05323766933674054,Positive Credit History,8.822322177471738,4.875197323201151
Male,Yes,0,Graduate,No,1025,5500.0,216.0,360.0,1.0,Rural,Y,6525.0,0.033103448275862,0,2,Small,Middle,1,0.842911877394636,30.0,600.0,0.09195402298850575,Positive Credit History,8.783549477153265,5.37989735354046
Male,Yes,3+,Graduate,No,4281,0.0,100.0,360.0,1.0,Urban,Y,4281.0,0.0233590282644241,3,5,Large,Middle,0,0.0,30.0,277.77777777777777,0.06488618962340055,Positive Credit History,8.362175469149628,4.61512051684126
Male,No,2,Graduate,No,3588,0.0,110.0,360.0,0.0,Rural,N,3588.0,0.0306577480490523,2,3,Medium,Low,0,0.0,30.0,305.55555555555554,0.08516041124736777,Higher Credit Risk,8.185628891147607,4.709530201312334
Male,No,1,Graduate,No,11250,0.0,196.0,360.0,1.0,Semiurban,N,11250.0,0.0174222222222222,1,2,Small,High,0,0.0,30.0,544.4444444444445,0.04839506172839506,Positive Credit History,9.328212292571072,5.2832037287379885
Female,No,0,Not Graduate,Yes,18165,0.0,125.0,360.0,1.0,Urban,Y,18165.0,0.0068813652628681,0,1,Small,Very High,0,0.0,30.0,347.22222222222223,0.01911490350796709,Positive Credit History,9.80730699406216,4.836281906951478
Male,No,0,Not Graduate,No,2550,2042.0,126.0,360.0,1.0,Rural,Y,4592.0,0.0274390243902439,0,1,Small,Middle,1,0.44468641114982577,30.0,350.0,0.07621951219512195,Positive Credit History,8.432288684325794,4.844187086458591
Male,Yes,0,Graduate,No,6133,3906.0,324.0,360.0,1.0,Urban,Y,10039.0,0.0322741308895308,0,2,Small,High,1,0.38908257794601053,30.0,900.0,0.08965036358203009,Positive Credit History,9.214332393245721,5.783825182329737
Male,No,2,Graduate,No,3617,0.0,107.0,360.0,1.0,Semiurban,Y,3617.0,0.0295825269560409,2,3,Medium,Low,0,0.0,30.0,297.22222222222223,0.08217368598900256,Positive Credit History,8.193676665955241,4.68213122712422
Male,Yes,0,Not Graduate,No,2917,536.0,66.0,360.0,1.0,Rural,N,3453.0,0.0191138140747176,0,2,Small,Low,1,0.15522733854619172,30.0,183.33333333333334,0.05309392798532677,Positive Credit History,8.147288258706624,4.204692619390966
Male,Yes,3+,Graduate,No,6417,0.0,157.0,180.0,1.0,Rural,Y,6417.0,0.0244662614929094,3,5,Large,Middle,0,0.0,15.0,872.2222222222222,0.1359236749606081,Positive Credit History,8.766861821669803,5.062595033026967
Female,Yes,1,Graduate,No,4608,2845.0,140.0,180.0,1.0,Semiurban,Y,7453.0,0.0187843821280021,1,3,Medium,High,1,0.38172547967261505,15.0,777.7777777777778,0.10435767848890082,Positive Credit History,8.916506080039204,4.948759890378168
Female,No,0,Graduate,No,2138,0.0,99.0,360.0,0.0,Semiurban,N,2138.0,0.0463049579045837,0,1,Small,Low,0,0.0,30.0,275.0,0.12862488306828812,Higher Credit Risk,7.668093709082406,4.605170185988092
Female,No,1,Graduate,No,3652,0.0,95.0,360.0,1.0,Semiurban,Y,3652.0,0.026013143483023,1,2,Small,Low,0,0.0,30.0,263.8888888888889,0.07225873189728613,Positive Credit History,8.203304026795282,4.564348191467836
Male,Yes,1,Not Graduate,No,2239,2524.0,128.0,360.0,1.0,Urban,Y,4763.0,0.026873819021625,1,3,Medium,Middle,1,0.5299181188326685,30.0,355.55555555555554,0.07464949728229174,Positive Credit History,8.46884293047519,4.859812404361672
Female,Yes,0,Not Graduate,No,3017,663.0,102.0,360.0,1.0,Semiurban,Y,3680.0,0.0277173913043478,0,2,Small,Low,1,0.18016304347826087,30.0,283.3333333333333,0.0769927536231884,Positive Credit History,8.210939733379021,4.634728988229636
Male,Yes,0,Graduate,No,2768,1950.0,155.0,360.0,1.0,Rural,Y,4718.0,0.032852903772785,0,2,Small,Middle,1,0.4133107248834252,30.0,430.55555555555554,0.0912580660355141,Positive Credit History,8.459352191726387,5.049856007249537
Male,No,0,Not Graduate,No,3358,0.0,80.0,36.0,1.0,Semiurban,N,3358.0,0.0238237045860631,0,1,Small,Low,0,0.0,3.0,2222.222222222222,0.661769571835087,Positive Credit History,8.119398589612294,4.394449154672439
Male,No,0,Graduate,No,2526,1783.0,145.0,360.0,1.0,Rural,Y,4309.0,0.0336504989556741,0,1,Small,Middle,1,0.41378510095149684,30.0,402.77777777777777,0.09347360821020603,Positive Credit History,8.368693183097793,4.983606621708336
Female,No,0,Graduate,No,5000,0.0,103.0,360.0,0.0,Semiurban,N,5000.0,0.0206,0,1,Small,Middle,0,0.0,30.0,286.1111111111111,0.057222222222222216,Higher Credit Risk,8.517393171418904,4.6443908991413725
Male,Yes,0,Graduate,No,2785,2016.0,110.0,360.0,1.0,Rural,Y,4801.0,0.0229118933555509,0,2,Small,Middle,1,0.41991251822536974,30.0,305.55555555555554,0.06364414820986368,Positive Credit History,8.4767877767812,4.709530201312334
Male,Yes,2,Graduate,Yes,6633,0.0,128.0,360.0,0.0,Rural,N,6633.0,0.019297452133273,2,4,Medium,Middle,0,0.0,30.0,355.55555555555554,0.05360403370353619,Higher Credit Risk,8.799963219506997,4.859812404361672
Male,Yes,1,Not Graduate,No,2492,2375.0,128.0,360.0,1.0,Rural,Y,4867.0,0.0262995685227039,1,3,Medium,Middle,1,0.487980275323608,30.0,355.55555555555554,0.0730543570075109,Positive Credit History,8.490438454107418,4.859812404361672
Male,Yes,1,Graduate,No,3333,3250.0,158.0,360.0,1.0,Urban,Y,6583.0,0.0240012152514051,1,3,Medium,Middle,1,0.4936958833358651,30.0,438.8888888888889,0.06667004236501427,Positive Credit History,8.792397742356906,5.0689042022202315
Male,Yes,0,Not Graduate,No,2454,2333.0,181.0,360.0,0.0,Urban,N,4787.0,0.0378107374138291,0,2,Small,Middle,1,0.48736160434510134,30.0,502.77777777777777,0.10502982614952533,Higher Credit Risk,8.473868066677865,5.204006687076795
Male,Yes,0,Graduate,No,3593,4266.0,132.0,180.0,0.0,Rural,N,7859.0,0.0167960300292658,0,2,Small,High,1,0.5428171523094542,15.0,733.3333333333334,0.09331127794036562,Higher Credit Risk,8.969541885423252,4.890349128221754
Male,Yes,1,Graduate,No,5468,1032.0,26.0,360.0,1.0,Semiurban,Y,6500.0,0.004,1,3,Medium,Middle,1,0.15876923076923077,30.0,72.22222222222223,0.011111111111111112,Positive Credit History,8.77971129020447,3.295836866004329
Female,No,0,Graduate,No,2667,1625.0,84.0,360.0,1.0,Urban,Y,4292.0,0.0195712954333644,0,1,Small,Middle,1,0.37861136999068035,30.0,233.33333333333334,0.05436470953712333,Positive Credit History,8.36474106822456,4.442651256490317
Male,Yes,3+,Graduate,Yes,10139,0.0,260.0,360.0,1.0,Semiurban,Y,10139.0,0.0256435545911825,3,5,Large,High,0,0.0,30.0,722.2222222222222,0.07123209608661822,Positive Credit History,9.224243277145174,5.564520407322694
Male,Yes,0,Graduate,No,3887,2669.0,162.0,360.0,1.0,Semiurban,Y,6556.0,0.0247101891397193,0,2,Small,Middle,1,0.4071079926784625,30.0,450.0,0.06863941427699817,Positive Credit History,8.788288460263619,5.093750200806762
Female,Yes,0,Graduate,No,4180,2306.0,182.0,360.0,1.0,Semiurban,Y,6486.0,0.0280604378661732,0,2,Small,Middle,1,0.3555349984582177,30.0,505.55555555555554,0.07794566073937026,Positive Credit History,8.777555453213056,5.209486152841421
Male,Yes,2,Not Graduate,No,3675,242.0,108.0,360.0,1.0,Semiurban,Y,3917.0,0.0275721215215726,2,4,Medium,Low,1,0.06178197600204238,30.0,300.0,0.07658922644881287,Positive Credit History,8.273336598504486,4.6913478822291435
Female,Yes,1,Graduate,Yes,19484,0.0,600.0,360.0,1.0,Semiurban,Y,19484.0,0.0307944980496817,1,3,Medium,Very High,0,0.0,30.0,1666.6666666666667,0.0855402723602272,Positive Credit History,9.87740021777281,6.398594934535208
Male,Yes,0,Graduate,No,5923,2054.0,211.0,360.0,1.0,Rural,Y,7977.0,0.0264510467594333,0,2,Small,High,1,0.2574902845681334,30.0,586.1111111111111,0.07347512988731492,Positive Credit History,8.984443032465352,5.356586274672012
Male,No,0,Not Graduate,Yes,5800,0.0,132.0,360.0,1.0,Semiurban,Y,5800.0,0.0227586206896551,0,1,Small,Middle,0,0.0,30.0,366.6666666666667,0.06321839080459771,Positive Credit History,8.665785595466064,4.890349128221754
Male,Yes,2,Graduate,No,8799,0.0,258.0,360.0,0.0,Urban,N,8799.0,0.0293215138083873,2,4,Medium,High,0,0.0,30.0,716.6666666666666,0.08144864946774254,Higher Credit Risk,9.082507000466299,5.556828061699537
Male,Yes,0,Not Graduate,No,4467,0.0,120.0,360.0,1.0,Rural,Y,4467.0,0.0268636668905305,0,2,Small,Middle,0,0.0,30.0,333.3333333333333,0.07462129691814043,Positive Credit History,8.404696160189092,4.795790545596741
Male,No,0,Graduate,No,3333,0.0,70.0,360.0,1.0,Urban,Y,3333.0,0.021002100210021,0,1,Small,Low,0,0.0,30.0,194.44444444444446,0.058339167250058346,Positive Credit History,8.111928063310739,4.2626798770413155
Male,Yes,3+,Graduate,No,3400,2500.0,123.0,360.0,0.0,Rural,N,5900.0,0.0208474576271186,3,5,Large,Middle,1,0.423728813559322,30.0,341.6666666666667,0.05790960451977401,Higher Credit Risk,8.682877107057168,4.820281565605037
Female,No,0,Graduate,No,2378,0.0,9.0,360.0,1.0,Urban,N,2378.0,0.0037846930193439,0,1,Small,Low,0,0.0,30.0,25.0,0.010513036164844407,Positive Credit History,7.774435510302958,2.302585092994046
Male,Yes,0,Graduate,No,3166,2064.0,104.0,360.0,0.0,Urban,N,5230.0,0.0198852772466539,0,2,Small,Middle,1,0.39464627151051623,30.0,288.8888888888889,0.05523688124070534,Higher Credit Risk,8.562357743370612,4.653960350157523
Male,Yes,1,Graduate,No,3417,1750.0,186.0,360.0,1.0,Urban,Y,5167.0,0.035997677569189,1,3,Medium,Middle,1,0.3386878265918328,30.0,516.6666666666666,0.09999354880330301,Positive Credit History,8.550241045462437,5.231108616854587
Male,Yes,0,Graduate,No,5116,1451.0,165.0,360.0,0.0,Urban,N,6567.0,0.0251256281407035,0,2,Small,Middle,1,0.22095325110400488,30.0,458.3333333333333,0.06979341150195421,Higher Credit Risk,8.789964651132264,5.111987788356544
Male,Yes,2,Graduate,No,16666,0.0,275.0,360.0,1.0,Urban,Y,16666.0,0.016500660026401,2,4,Medium,Very High,0,0.0,30.0,763.8888888888889,0.04583516674000294,Positive Credit History,9.721185995542177,5.62040086571715
Male,Yes,2,Not Graduate,No,6125,1625.0,187.0,480.0,1.0,Semiurban,N,7750.0,0.0241290322580645,2,4,Medium,High,1,0.20967741935483872,40.0,389.5833333333333,0.05026881720430107,Positive Credit History,8.955577146281511,5.236441962829949
Male,Yes,3+,Graduate,No,6406,0.0,150.0,360.0,1.0,Semiurban,N,6406.0,0.0234155479238214,3,5,Large,Middle,0,0.0,30.0,416.6666666666667,0.06504318867728172,Positive Credit History,8.765146421639022,5.017279836814924
Male,Yes,2,Graduate,No,3159,461.0,108.0,84.0,1.0,Urban,Y,3620.0,0.0298342541436464,2,4,Medium,Low,1,0.12734806629834255,7.0,1285.7142857142858,0.3551696921862668,Positive Credit History,8.19450550976564,4.6913478822291435
Male,Yes,0,Graduate,No,3087,2210.0,136.0,360.0,0.0,Semiurban,N,5297.0,0.0256749103265999,0,2,Small,Middle,1,0.4172172928072494,30.0,377.77777777777777,0.07131919535166656,Higher Credit Risk,8.575084669832014,4.919980925828125
Male,No,0,Graduate,No,3229,2739.0,110.0,360.0,1.0,Urban,Y,5968.0,0.0184316353887399,0,1,Small,Middle,1,0.4589477211796247,30.0,305.55555555555554,0.051198987190944296,Positive Credit History,8.69433468816865,4.709530201312334
Male,Yes,1,Graduate,No,1782,2232.0,107.0,360.0,1.0,Rural,Y,4014.0,0.0266567015445939,1,3,Medium,Middle,1,0.5560538116591929,30.0,297.22222222222223,0.07404639317942756,Positive Credit History,8.297792626380861,4.68213122712422
Male,No,0,Graduate,No,3182,2917.0,161.0,360.0,1.0,Urban,Y,6099.0,0.0263977701262502,0,1,Small,Middle,1,0.47827512707001146,30.0,447.22222222222223,0.07332713923958391,Positive Credit History,8.716044050161402,5.087596335232384
Male,Yes,2,Graduate,No,6540,0.0,205.0,360.0,1.0,Semiurban,Y,6540.0,0.0313455657492354,2,4,Medium,Middle,0,0.0,30.0,569.4444444444445,0.08707101597009854,Positive Credit History,8.785845337961213,5.327876168789581
Male,No,0,Graduate,No,1836,33837.0,90.0,360.0,1.0,Urban,N,35673.0,0.0025229164914641,0,1,Small,Very High,1,0.9485325035741317,30.0,250.0,0.007008101365178146,Positive Credit History,10.482177411118249,4.51085950651685
Female,Yes,0,Graduate,No,3166,0.0,36.0,360.0,1.0,Semiurban,Y,3166.0,0.0113708149084017,0,2,Small,Low,0,0.0,30.0,100.0,0.03158559696778269,Positive Credit History,8.06054004653864,3.6109179126442243
Male,Yes,1,Graduate,No,1880,0.0,61.0,360.0,1.0,Rural,N,1880.0,0.0324468085106382,1,3,Medium,Low,0,0.0,30.0,169.44444444444446,0.09013002364066194,Positive Credit History,7.53955882930103,4.127134385045092
Male,Yes,1,Graduate,No,2787,1917.0,146.0,360.0,0.0,Rural,N,4704.0,0.0310374149659863,1,3,Medium,Middle,1,0.4075255102040816,30.0,405.55555555555554,0.08621504157218443,Higher Credit Risk,8.45638105201948,4.990432586778736
Male,Yes,1,Graduate,No,4283,3000.0,172.0,84.0,1.0,Rural,N,7283.0,0.0236166414938898,1,3,Medium,High,1,0.41191816559110256,7.0,2047.6190476190477,0.28115049397487957,Positive Credit History,8.8934354408475,5.153291594497779
Male,Yes,0,Graduate,No,2297,1522.0,104.0,360.0,1.0,Urban,Y,3819.0,0.0272322597538622,0,2,Small,Low,1,0.3985336475517151,30.0,288.8888888888889,0.07564516598295075,Positive Credit History,8.24800570160062,4.653960350157523
Female,No,0,Not Graduate,No,2165,0.0,70.0,360.0,1.0,Semiurban,Y,2165.0,0.0323325635103926,0,1,Small,Low,0,0.0,30.0,194.44444444444446,0.08981267641775725,Positive Credit History,7.680637427560936,4.2626798770413155
Male,No,0,Graduate,No,4750,0.0,94.0,360.0,1.0,Semiurban,Y,4750.0,0.0197894736842105,0,1,Small,Middle,0,0.0,30.0,261.1111111111111,0.05497076023391812,Positive Credit History,8.46611040118692,4.553876891600541
Male,Yes,2,Graduate,Yes,2726,0.0,106.0,360.0,0.0,Semiurban,N,2726.0,0.0388848129126925,2,4,Medium,Low,0,0.0,30.0,294.44444444444446,0.10801336920192386,Higher Credit Risk,7.910957382845589,4.672828834461906
Male,Yes,0,Graduate,No,3000,3416.0,56.0,180.0,1.0,Semiurban,Y,6416.0,0.0087281795511221,0,2,Small,Middle,1,0.5324189526184538,15.0,311.1111111111111,0.0484898863951233,Positive Credit History,8.766705997750515,4.04305126783455
Male,Yes,2,Graduate,Yes,6000,0.0,205.0,240.0,1.0,Semiurban,N,6000.0,0.0341666666666666,2,4,Medium,Middle,0,0.0,20.0,854.1666666666666,0.1423611111111111,Positive Credit History,8.699681400989514,5.327876168789581
Male,No,3+,Graduate,Yes,9357,0.0,292.0,360.0,1.0,Semiurban,Y,9357.0,0.0312065833066153,3,4,Medium,High,0,0.0,30.0,811.1111111111111,0.08668495362948712,Positive Credit History,9.143986871426161,5.680172609017068
Male,Yes,0,Graduate,No,3859,3300.0,142.0,180.0,1.0,Rural,Y,7159.0,0.0198351725101271,0,2,Small,High,1,0.460958234390278,15.0,788.8888888888889,0.11019540283403952,Positive Credit History,8.87626525995469,4.962844630259907
Male,Yes,0,Graduate,Yes,16120,0.0,260.0,360.0,1.0,Urban,Y,16120.0,0.0161290322580645,0,2,Small,Very High,0,0.0,30.0,722.2222222222222,0.044802867383512544,Positive Credit History,9.687878048875998,5.564520407322694
Male,No,0,Not Graduate,No,3833,0.0,110.0,360.0,1.0,Rural,Y,3833.0,0.0286981476650143,0,1,Small,Low,0,0.0,30.0,305.55555555555554,0.07971707684726208,Positive Credit History,8.251663923605589,4.709530201312334
Male,Yes,2,Not Graduate,Yes,6383,1000.0,187.0,360.0,1.0,Rural,N,7383.0,0.0253284572666937,2,4,Medium,High,1,0.13544629554381687,30.0,519.4444444444445,0.07035682574081599,Positive Credit History,8.907070776182689,5.236441962829949
Male,No,0,Graduate,No,2987,0.0,88.0,360.0,0.0,Semiurban,N,2987.0,0.0294609976565115,0,1,Small,Low,0,0.0,30.0,244.44444444444446,0.08183610460142098,Higher Credit Risk,8.002359546252707,4.48863636973214
Male,Yes,0,Graduate,Yes,9963,0.0,180.0,360.0,1.0,Rural,Y,9963.0,0.01806684733514,0,2,Small,High,0,0.0,30.0,500.0,0.05018568704205561,Positive Credit History,9.20673387638207,5.198497031265826
Male,Yes,2,Graduate,No,5780,0.0,192.0,360.0,1.0,Urban,Y,5780.0,0.0332179930795847,2,4,Medium,Middle,0,0.0,30.0,533.3333333333334,0.0922722029988466,Positive Credit History,8.662331957082475,5.262690188904886
Female,No,3+,Graduate,No,416,41667.0,350.0,180.0,1.0,Urban,N,42083.0,0.0083168975595846,3,4,Medium,Very High,1,0.9901147731863222,15.0,1944.4444444444443,0.04620498644213683,Positive Credit History,10.647422899928179,5.860786223465865
Male,Yes,0,Not Graduate,No,2894,2792.0,155.0,360.0,1.0,Rural,Y,5686.0,0.0272599366865986,0,2,Small,Middle,1,0.4910306014773127,30.0,430.55555555555554,0.07572204635166295,Positive Credit History,8.645938147306799,5.049856007249537
Male,Yes,3+,Graduate,No,5703,0.0,128.0,360.0,1.0,Urban,Y,5703.0,0.0224443275469051,3,5,Large,Middle,0,0.0,30.0,355.55555555555554,0.06234535429695871,Positive Credit History,8.648922962094131,4.859812404361672
Male,No,0,Graduate,No,3676,4301.0,172.0,360.0,1.0,Rural,Y,7977.0,0.0215619907233295,0,1,Small,High,1,0.5391751284944215,30.0,477.77777777777777,0.05989441867591548,Positive Credit History,8.984443032465352,5.153291594497779
Female,Yes,1,Graduate,No,12000,0.0,496.0,360.0,1.0,Semiurban,Y,12000.0,0.0413333333333333,1,3,Medium,High,0,0.0,30.0,1377.7777777777778,0.11481481481481481,Positive Credit History,9.392745258631441,6.208590026096629
Male,Yes,0,Not Graduate,No,2400,3800.0,128.0,180.0,1.0,Urban,N,6200.0,0.0206451612903225,0,2,Small,Middle,1,0.6129032258064516,15.0,711.1111111111111,0.11469534050179211,Positive Credit History,8.732465848349879,4.859812404361672
Male,Yes,1,Graduate,No,3400,2500.0,173.0,360.0,1.0,Semiurban,Y,5900.0,0.029322033898305,1,3,Medium,Middle,1,0.423728813559322,30.0,480.55555555555554,0.08145009416195857,Positive Credit History,8.682877107057168,5.159055299214529
Male,Yes,2,Not Graduate,No,3987,1411.0,157.0,360.0,1.0,Rural,Y,5398.0,0.0290848462393479,2,4,Medium,Middle,1,0.26139310855872544,30.0,436.1111111111111,0.08079123955374418,Positive Credit History,8.593969030218288,5.062595033026967
Male,Yes,0,Graduate,No,3232,1950.0,108.0,360.0,1.0,Rural,Y,5182.0,0.0208413739868776,0,2,Small,Middle,1,0.37630258587417986,30.0,300.0,0.057892705519104595,Positive Credit History,8.553139318189707,4.6913478822291435
Female,No,0,Graduate,No,2900,0.0,71.0,360.0,1.0,Rural,Y,2900.0,0.0244827586206896,0,1,Small,Low,0,0.0,30.0,197.22222222222223,0.06800766283524905,Positive Credit History,7.972810784121404,4.276666119016055
Male,Yes,3+,Graduate,No,4106,0.0,40.0,180.0,1.0,Rural,Y,4106.0,0.0097418412079883,3,5,Large,Middle,0,0.0,15.0,222.22222222222223,0.0541213400443795,Positive Credit History,8.320448113956559,3.713572066704308
Male,Yes,1,Graduate,No,8072,240.0,253.0,360.0,1.0,Urban,Y,8312.0,0.0304379210779595,1,3,Medium,High,1,0.028873917228103944,30.0,702.7777777777778,0.08454978077210994,Positive Credit History,9.025575833531088,5.537334267018537
Male,Yes,2,Graduate,No,7583,0.0,187.0,360.0,1.0,Urban,Y,7583.0,0.0246604246340498,2,4,Medium,High,0,0.0,30.0,519.4444444444445,0.06850117953902736,Positive Credit History,8.933796043934858,5.236441962829949
Female,No,0,Graduate,Yes,4583,0.0,133.0,360.0,0.0,Semiurban,N,4583.0,0.0290202923849007,0,1,Small,Middle,0,0.0,30.0,369.44444444444446,0.08061192329139089,Higher Credit Risk,8.430327258394575,4.897839799950911
